timestamp_ms,GPS_Spd,ARSP_Airspeed
203030.12,0.16500000655651093,0.8588177561759949
203130.12,0.018000001087784767,1.7712528705596924
203230.12,0.018000001087784767,3.2895398139953613
203330.12,0.04,2.375962734222412
203430.12,0.04,1.131173014640808
203530.12,0.04,2.3974742889404297
203630.12,0.04,1.326797366142273
203730.12,0.01,1.1928398609161377
203830.12,0.01,1.8157488107681274
203930.12,0.02,2.3512039184570312
204030.12,0.02,1.2680174112319946
204130.12,0.03,0.9952201843261719
204230.12,0.03,1.6714619398117065
204330.12,0.06,2.336866617202759
204430.12,0.06,0.7537088990211487
204530.12,0.05,2.4406280517578125
204630.12,0.05,1.349526047706604
204730.12,0.02,2.2044389247894287
204830.12,0.02,1.7244157791137695
204930.12,0.027000000700354576,1.7244157791137695
205030.12,0.027000000700354576,3.331242322921753
205130.12,0.052000001072883606,3.7229769229888916
205230.12,0.052000001072883606,0.8429222106933594
205330.12,0.07,1.5346144437789917
205430.12,0.07,1.7303496599197388
205530.12,0.032999999821186066,3.1780104637145996
205630.12,0.032999999821186066,4.886852264404297
205730.12,0.02,3.32
205830.12,0.02,7.127157211303711
205930.12,0.032999999821186066,9.49
206030.12,0.032999999821186066,5.18
206130.12,0.04,5.159307479858398
206230.12,0.04,6.295563220977783
206330.12,0.08,4.048037528991699
206430.12,0.08,6.231902599334717
206530.12,0.012000000104308128,6.4188361167907715
206630.12,0.012000000104308128,6.199498653411865
206730.12,0.01,6.475739479064941
206830.12,0.01,5.762296199798584
206930.12,0.024000000208616257,6.540369510650635
207030.12,0.024000000208616257,8.514031410217285
207130.12,0.023000001907348633,8.66
207230.12,0.023000001907348633,10.087104797363281
207330.12,0.03,8.595283508300781
207430.12,0.03,10.443784713745117
207530.12,0.036000002175569534,10.638936042785645
207630.12,0.036000002175569534,8.76
207730.12,0.027000000700354576,10.10886287689209
207830.12,0.027000000700354576,10.677835464477539
207930.12,0.09,10.414697647094727
208030.12,0.09,5.8559651374816895
208130.12,0.11000000685453415,12.443950653076172
208230.12,0.11000000685453415,7.647339344024658
208330.12,0.28,7.942348957061768
208430.12,0.28,5.091216564178467
208530.12,0.3100000023841858,7.302421569824219
208630.12,0.3100000023841858,6.739954471588135
208730.12,0.25,8.666180610656738
208830.12,0.25,9.749985694885254
208930.12,0.8660000562667847,4.476277828216553
209030.12,0.8660000562667847,3.6937482357025146
209130.12,0.4870000183582306,6.156065464019775
209230.12,0.4870000183582306,6.467198848724365
209330.12,0.7500000596046448,3.86
209430.12,0.7500000596046448,2.788327932357788
209530.12,0.86,5.633986473083496
209630.12,0.86,3.8843517303466797
209730.12,1.1920000314712524,2.4232354164123535
209830.12,1.1920000314712524,2.1264140605926514
209930.12,0.7390000224113464,3.8888802528381348
210030.12,0.7390000224113464,5.149225234985352
210130.12,0.4960000216960907,2.444401264190674
210230.12,0.4960000216960907,2.3960442543029785
210330.12,0.5820000171661377,2.7935538291931152
210430.12,0.5820000171661377,2.1468770503997803
210530.12,0.6160000562667847,3.120577812194824
210630.12,0.6160000562667847,3.0365898609161377
210730.12,0.7100000381469727,2.5864670276641846
210830.12,0.7100000381469727,2.3390040397644043
210930.12,0.8400000333786011,3.720089912414551
211030.12,0.8400000333786011,0.39435234665870667
211130.12,0.9510000348091125,2.4020752906799316
211230.12,0.9510000348091125,0.4275425970554352
211330.12,0.7360000610351562,3.0162808895111084
211430.12,0.7360000610351562,2.0922088623046875
211530.12,0.8560000658035278,0.7215098738670349
211630.12,0.8560000658035278,1.6722970008850098
211730.12,0.8230000138282776,3.31
211830.12,0.8230000138282776,2.9745407104492188
211930.12,0.8400000333786011,0.75
212030.12,0.8400000333786011,2.002220869064331
212130.12,0.45000001788139343,1.3191721439361572
212230.12,0.45000001788139343,2.132331371307373
212330.12,0.7290000319480896,2.5862486362457275
212430.12,0.7290000319480896,0.8399800062179565
212530.12,0.6550000309944153,3.118877649307251
212630.12,0.6550000309944153,3.188291072845459
212730.12,0.9460000395774841,2.642313241958618
212830.12,0.9460000395774841,2.7443881034851074
212930.12,1.3100000619888306,1.6670387983322144
213030.12,1.3100000619888306,2.0599191188812256
213130.12,1.2280000448226929,1.3791261911392212
213230.12,1.2280000448226929,1.0790692567825317
213330.12,1.1420000791549683,2.565223455429077
213430.12,1.1420000791549683,1.5733001232147217
213530.12,0.9280000329017639,0.3686183989048004
213630.12,0.9280000329017639,1.5711394548416138
213730.12,1.055999994277954,1.5505475997924805
213830.12,1.055999994277954,2.6353156566619873
213930.12,1.2590000629425049,0.9329356551170349
214030.12,1.2590000629425049,0.9987632632255554
214130.12,1.6080000400543213,2.677556276321411
214230.12,1.6080000400543213,2.1924731731414795
214330.12,1.6720000505447388,1.9306223392486572
214430.12,1.6720000505447388,1.9645030498504639
214530.12,1.3530000448226929,2.514866590499878
214630.12,1.3530000448226929,1.1083893775939941
214730.12,1.590000033378601,1.9478728771209717
214830.12,1.590000033378601,2.988734483718872
214930.12,1.4980000257492065,1.3927000761032104
215030.12,1.4980000257492065,1.383996844291687
215130.12,1.496000051498413,2.1014509201049805
215230.12,1.496000051498413,2.5940794944763184
215330.12,1.5130001306533813,4.663009166717529
215430.12,1.5130001306533813,1.5249892473220825
215530.12,1.4200000762939453,3.1040244102478027
215630.12,1.4200000762939453,2.395139694213867
215730.12,1.3820000886917114,1.9878859519958496
215830.12,1.3820000886917114,3.874732732772827
215930.12,1.218000054359436,3.4761159420013428
216030.12,1.218000054359436,5.354471206665039
216130.12,1.0120000839233398,11.276947975158691
216230.12,1.0120000839233398,24.251554489135742
216330.12,0.9300000667572021,34.61162185668945
216430.12,0.9300000667572021,28.998987197875977
216530.12,0.8260000348091125,10.612796783447266
216630.12,0.8260000348091125,3.674947738647461
216730.12,0.6630000472068787,3.8414101600646973
216830.12,0.6630000472068787,3.3034706115722656
216930.12,0.6470000147819519,3.105839729309082
217030.12,0.6470000147819519,3.4970924854278564
217130.12,0.5750000476837158,4.2713212966918945
217230.12,0.5750000476837158,4.500738143920898
217330.12,0.7510000467300415,3.7630743980407715
217430.12,0.7510000467300415,3.399188280105591
217530.12,0.63,1.2598655223846436
217630.12,0.63,3.9837021827697754
217730.12,0.6780000329017639,1.1138465404510498
217830.12,0.6780000329017639,3.572568893432617
217930.12,0.6770000457763672,2.2837326526641846
218030.12,0.6770000457763672,3.0190253257751465
218130.12,0.6010000109672546,4.176766872406006
218230.12,0.6010000109672546,4.7085957527160645
218330.12,0.6180000305175781,2.953256130218506
218430.12,0.6180000305175781,2.3353209495544434
218530.12,0.5540000200271606,3.3088836669921875
218630.12,0.5540000200271606,3.3095269203186035
218730.12,0.5470000505447388,2.824383497238159
218830.12,0.5470000505447388,3.7449851036071777
218930.12,0.6000000238418579,2.873427152633667
219030.12,0.6000000238418579,3.2506794929504395
219130.12,0.6000000238418579,3.760840892791748
219230.12,0.6000000238418579,1.1860712766647339
219330.12,0.6980000138282776,3.9850571155548096
219430.12,0.6980000138282776,2.2260921001434326
219530.12,0.7860000133514404,4.124226093292236
219630.12,0.7860000133514404,4.164456844329834
219730.12,0.7570000290870667,3.5915722846984863
219830.12,0.7570000290870667,3.667661428451538
219930.12,0.7660000324249268,2.233050584793091
220030.12,0.7660000324249268,3.9727189540863037
220130.12,0.8090000152587891,5.010435581207275
220230.12,0.8090000152587891,4.64
220330.12,0.7460000514984131,3.2284812927246094
220430.12,0.7460000514984131,4.470384120941162
220530.12,0.7010000348091125,4.871705055236816
220630.12,0.7010000348091125,1.8625634908676147
220730.12,0.7510000467300415,3.6915528774261475
220830.12,0.7510000467300415,5.142836093902588
220930.12,0.7580000162124634,2.657026767730713
221030.12,0.7580000162124634,4.501070976257324
221130.12,0.6530000567436218,3.0757334232330322
221230.12,0.6530000567436218,4.533055782318115
221330.12,0.6910000443458557,4.093059062957764
221430.12,0.6910000443458557,3.5256357192993164
221530.12,0.8530000448226929,3.4635636806488037
221630.12,0.8530000448226929,2.8348255157470703
221730.12,0.7360000610351562,3.5918548107147217
221830.12,0.7360000610351562,3.666332483291626
221930.12,0.53,2.3343913555145264
222030.12,0.53,3.8422625064849854
222130.12,0.5370000004768372,3.163209915161133
222230.12,0.5370000004768372,2.560049295425415
222330.12,0.71,3.5651726722717285
222430.12,0.71,3.8779728412628174
222530.12,0.5720000267028809,3.15
222630.12,0.5720000267028809,3.7883663177490234
222730.12,0.7020000219345093,4.2180280685424805
222830.12,0.7020000219345093,4.974564075469971
222930.12,0.42600002884864807,3.3077456951141357
223030.12,0.42600002884864807,4.466635704040527
223130.12,0.5440000295639038,3.559197187423706
223230.12,0.5440000295639038,4.378226280212402
223330.12,0.5490000247955322,3.673077344894409
223430.12,0.5490000247955322,3.9353725910186768
223530.12,0.3400000035762787,3.8742334842681885
223630.12,0.3400000035762787,2.9503438472747803
223730.12,0.5190000534057617,5.413627624511719
223830.12,0.5190000534057617,3.69
223930.12,0.21800000965595245,4.2615861892700195
224030.12,0.21800000965595245,3.327455520629883
224130.12,0.4520000219345093,3.3222811222076416
224230.12,0.4520000219345093,4.042837619781494
224330.12,0.41,3.5118913650512695
224430.12,0.41,1.9963833093643188
224530.12,0.3370000123977661,2.957077741622925
224630.12,0.3370000123977661,1.863481879234314
224730.12,0.33900001645088196,2.1522860527038574
224830.12,0.33900001645088196,3.4103810787200928
224930.12,0.2550000250339508,0.4058084189891815
225030.12,0.2550000250339508,1.015675663948059
225130.12,0.5060000419616699,3.270447015762329
225230.12,0.5060000419616699,1.4912745952606201
225330.12,0.4620000123977661,1.952886700630188
225430.12,0.4620000123977661,2.7849068641662598
225530.12,0.45,1.8876980543136597
225630.12,0.45,1.7325176000595093
225730.12,0.3290000259876251,1.2352925539016724
225830.12,0.3290000259876251,1.9066262245178223
225930.12,0.26100000739097595,2.094226360321045
226030.12,0.26100000739097595,2.7764577865600586
226130.12,0.18900001049041748,0.11645277589559555
226230.12,0.18900001049041748,4.186919689178467
226330.12,0.05,0.8176925182342529
226430.12,0.05,2.9860987663269043
226530.12,0.32200002670288086,2.1262176036834717
226630.12,0.32200002670288086,3.092531442642212
226730.12,0.15000000596046448,3.7066586017608643
226830.12,0.15000000596046448,0.4017317593097687
226930.12,0.07,3.701618194580078
227030.12,0.07,3.4051241874694824
227130.12,0.3440000116825104,3.577906370162964
227230.12,0.3440000116825104,2.916719436645508
227330.12,0.6300000548362732,0.9859606623649597
227430.12,0.6300000548362732,3.7947001457214355
227530.12,0.6480000019073486,3.868237018585205
227630.12,0.6480000019073486,3.943608045578003
227730.12,0.8160000443458557,2.5513083934783936
227830.12,0.8160000443458557,4.72
227930.12,0.9630000591278076,2.6714160442352295
228030.12,0.9630000591278076,2.940124034881592
228130.12,0.9920000433921814,3.9073972702026367
228230.12,0.9920000433921814,1.7321796417236328
228330.12,1.1180000305175781,2.663872718811035
228430.12,1.1180000305175781,0.5878030061721802
228530.12,1.218000054359436,0.9163341522216797
228630.12,1.218000054359436,2.4536972045898438
228730.12,1.2570000886917114,3.419015407562256
228830.12,1.2570000886917114,4.173220157623291
228930.12,1.5380001068115234,3.6094467639923096
229030.12,1.5380001068115234,3.2699570655822754
229130.12,1.4970000982284546,2.4201180934906006
229230.12,1.4970000982284546,2.658907651901245
229330.12,1.4660000801086426,3.6911933422088623
229430.12,1.4660000801086426,2.768202543258667
229530.12,1.6480001211166382,2.7455365657806396
229630.12,1.6480001211166382,2.0714187622070312
229730.12,1.746000051498413,2.6803572177886963
229830.12,1.746000051498413,1.9575905799865723
229930.12,1.8060001134872437,2.5224380493164062
230030.12,1.8060001134872437,2.730818748474121
230130.12,1.9060001373291016,3.44
230230.12,1.9060001373291016,3.7950737476348877
230330.12,1.88,3.8743724822998047
230430.12,1.88,3.6549675464630127
230530.12,1.8170000314712524,3.7083048820495605
230630.12,1.8170000314712524,3.615011215209961
230730.12,1.7680001258850098,4.044984340667725
230830.12,1.7680001258850098,3.9254212379455566
230930.12,1.8010001182556152,3.2186837196350098
231030.12,1.8010001182556152,2.5887107849121094
231130.12,1.8620001077651978,3.7711424827575684
231230.12,1.8620001077651978,3.5869340896606445
231330.12,1.7440000772476196,4.2518134117126465
231430.12,1.7440000772476196,4.541667938232422
231530.12,1.5470000505447388,3.982192277908325
231630.12,1.5470000505447388,3.698913097381592
231730.12,1.4240000247955322,4.069070816040039
231830.12,1.4240000247955322,3.478393793106079
231930.12,1.4220000505447388,3.683739185333252
232030.12,1.4220000505447388,3.3917527198791504
232130.12,1.318000078201294,2.9145193099975586
232230.12,1.318000078201294,2.4013471603393555
232330.12,1.3760000467300415,3.946042060852051
232430.12,1.3760000467300415,2.57
232530.12,1.4660000801086426,2.593254327774048
232630.12,1.4660000801086426,3.0593295097351074
232730.12,1.1910001039505005,3.2191131114959717
232830.12,1.1910001039505005,4.066864490509033
232930.12,1.071000099182129,3.3613367080688477
233030.12,1.071000099182129,2.6550183296203613
233130.12,1.1510000228881836,3.3076815605163574
233230.12,1.1510000228881836,2.982182025909424
233330.12,1.0380001068115234,0.5297795534133911
233430.12,1.0380001068115234,3.598288059234619
233530.12,0.9360000491142273,2.9229531288146973
233630.12,0.9360000491142273,1.625288724899292
233730.12,0.9480000734329224,2.086576461791992
233830.12,0.9480000734329224,3.300692319869995
233930.12,1.00,2.023005723953247
234030.12,1.00,1.9061319828033447
234130.12,0.9820000529289246,2.525475263595581
234230.12,0.9820000529289246,2.00
234330.12,0.8820000290870667,4.1710028648376465
234430.12,0.8820000290870667,1.853600025177002
234530.12,0.7290000319480896,2.8703668117523193
234630.12,0.7290000319480896,1.9734344482421875
234730.12,0.9180000424385071,2.900491237640381
234830.12,0.9180000424385071,3.1809146404266357
234930.12,0.7240000367164612,2.664125442504883
235030.12,0.7240000367164612,1.0799156427383423
235130.12,0.9720000624656677,1.442972183227539
235230.12,0.9720000624656677,2.9811112880706787
235330.12,0.8740000128746033,2.131225347518921
235430.12,0.8740000128746033,3.3744194507598877
235530.12,0.9280000329017639,3.157905340194702
235630.12,0.9280000329017639,2.520327568054199
235730.12,1.061000108718872,3.651043176651001
235830.12,1.061000108718872,4.130176067352295
235930.12,1.2110000848770142,3.990866184234619
236030.12,1.2110000848770142,3.5304441452026367
236130.12,1.3610000610351562,3.603454113006592
236230.12,1.3610000610351562,4.872878551483154
236330.12,1.2370001077651978,4.570608615875244
236430.12,1.2370001077651978,4.330097675323486
236530.12,1.3130000829696655,3.3319180011749268
236630.12,1.3130000829696655,3.8880679607391357
236730.12,1.311000108718872,4.678967475891113
236830.12,1.311000108718872,3.96
236930.12,1.4720001220703125,4.208241939544678
237030.12,1.4720001220703125,4.736141681671143
237130.12,1.4850000143051147,4.500344753265381
237230.12,1.4850000143051147,4.60
237330.12,1.4550000429153442,5.166751861572266
237430.12,1.4550000429153442,5.5169453620910645
237530.12,1.4450000524520874,5.081326961517334
237630.12,1.4450000524520874,5.17
237730.12,1.5570000410079956,5.144189357757568
237830.12,1.5570000410079956,5.555369853973389
237930.12,1.5200001001358032,4.249509334564209
238030.12,1.5200001001358032,4.535820484161377
238130.12,1.5320000648498535,4.962730884552002
238230.12,1.5320000648498535,5.048333168029785
238330.12,1.4800000190734863,5.140730857849121
238430.12,1.4800000190734863,4.3823418617248535
238530.12,1.4590001106262207,4.433284282684326
238630.12,1.4590001106262207,3.8896472454071045
238730.12,1.349000096321106,4.865735054016113
238830.12,1.349000096321106,5.2604899406433105
238930.12,1.5040000677108765,4.0219197273254395
239030.12,1.5040000677108765,4.995423793792725
239130.12,1.477000117301941,4.492038249969482
239230.12,1.477000117301941,4.526652812957764
239330.12,1.319000005722046,3.9097182750701904
239430.12,1.319000005722046,3.3514487743377686
239530.12,1.5520000457763672,3.865898609161377
239630.12,1.5520000457763672,3.208637237548828
239730.12,1.4890000820159912,3.6891934871673584
239830.12,1.4890000820159912,5.001575469970703
239930.12,1.503000020980835,3.0255463123321533
240030.12,1.503000020980835,2.4676804542541504
240130.12,1.4800000190734863,2.386768341064453
240230.12,1.4800000190734863,4.05
240330.12,1.4290000200271606,5.207547664642334
240430.12,1.4290000200271606,5.394407272338867
240530.12,1.415000081062317,5.131834030151367
240630.12,1.415000081062317,6.254215717315674
240730.12,1.3550000190734863,6.54
240830.12,1.3550000190734863,5.969571113586426
240930.12,1.3230000734329224,5.760313034057617
241030.12,1.3230000734329224,6.357751369476318
241130.12,1.377000093460083,6.534572601318359
241230.12,1.377000093460083,5.797357082366943
241330.12,1.3870000839233398,7.131300449371338
241430.12,1.3870000839233398,5.886292934417725
241530.12,1.3370000123977661,6.017038822174072
241630.12,1.3370000123977661,7.245609283447266
241730.12,1.2950000762939453,5.1345672607421875
241830.12,1.2950000762939453,6.811733245849609
241930.12,1.3700001239776611,5.5489935874938965
242030.12,1.3700001239776611,4.352568626403809
242130.12,1.5170000791549683,4.31
242230.12,1.5170000791549683,4.005092620849609
242330.12,1.5130001306533813,3.382107734680176
242430.12,1.5130001306533813,3.931023120880127
242530.12,1.76,2.2497804164886475
242630.12,1.76,3.5990705490112305
242730.12,1.7940000295639038,4.0804972648620605
242830.12,1.7940000295639038,0.4456207752227783
242930.12,1.7390000820159912,3.099235773086548
243030.12,1.7390000820159912,3.157046318054199
243130.12,1.6480001211166382,2.4480044841766357
243230.12,1.6480001211166382,2.292851448059082
243330.12,1.6320000886917114,1.4115636348724365
243430.12,1.6320000886917114,2.217719793319702
243530.12,1.503000020980835,1.6958985328674316
243630.12,1.503000020980835,3.616511344909668
243730.12,1.558000087738037,3.074267864227295
243830.12,1.558000087738037,2.1353793144226074
243930.12,1.531000018119812,2.4046895503997803
244030.12,1.531000018119812,1.3812295198440552
244130.12,1.5230001211166382,1.415942907333374
244230.12,1.5230001211166382,2.4474363327026367
244330.12,1.562000036239624,3.149930477142334
244430.12,1.562000036239624,1.9395908117294312
244530.12,1.4870001077651978,1.0064224004745483
244630.12,1.4870001077651978,0.37815043330192566
244730.12,1.4270000457763672,2.4721732139587402
244830.12,1.4270000457763672,2.6162545680999756
244930.12,1.5430001020431519,0.6675460338592529
245030.12,1.5430001020431519,2.6447367668151855
245130.12,1.5550000667572021,1.5509116649627686
245230.12,1.5550000667572021,3.774784803390503
245330.12,1.3850001096725464,4.285847187042236
245430.12,1.3850001096725464,2.1348745822906494
245530.12,1.5140000581741333,3.269357442855835
245630.12,1.5140000581741333,1.5734188556671143
245730.12,1.592000126838684,2.430867910385132
245830.12,1.592000126838684,4.614505767822266
245930.12,1.561000108718872,4.201878547668457
246030.12,1.561000108718872,3.9152207374572754
246130.12,1.6260000467300415,2.980264663696289
246230.12,1.6260000467300415,4.770510673522949
246330.12,1.5690001249313354,4.356235980987549
246430.12,1.5690001249313354,3.82
246530.12,1.5430001020431519,4.048309803009033
246630.12,1.5430001020431519,2.3785293102264404
246730.12,1.6160000562667847,2.453312397003174
246830.12,1.6160000562667847,3.3559587001800537
246930.12,1.7260000705718994,2.349733591079712
247030.12,1.7260000705718994,2.9036972522735596
247130.12,1.7080000638961792,3.672060966491699
247230.12,1.7080000638961792,2.8722188472747803
247330.12,1.727000117301941,6.000441074371338
247430.12,1.727000117301941,4.216367244720459
247530.12,1.6220000982284546,4.534066677093506
247630.12,1.6220000982284546,4.3455328941345215
247730.12,1.602000117301941,5.042065143585205
247830.12,1.602000117301941,4.925156116485596
247930.12,1.5480000972747803,3.7554383277893066
248030.12,1.5480000972747803,3.6141843795776367
248130.12,1.502000093460083,3.327475070953369
248230.12,1.502000093460083,5.059758186340332
248330.12,1.4210001230239868,3.0632970333099365
248430.12,1.4210001230239868,4.304928302764893
248530.12,1.3860000371932983,2.6777071952819824
248630.12,1.3860000371932983,3.5413591861724854
248730.12,1.3130000829696655,4.857345104217529
248830.12,1.3130000829696655,4.7636213302612305
248930.12,1.2320001125335693,2.6854140758514404
249030.12,1.2320001125335693,3.9530608654022217
249130.12,1.1370000839233398,2.1595311164855957
249230.12,1.1370000839233398,3.5272843837738037
249330.12,1.0760000944137573,3.0306296348571777
249430.12,1.0760000944137573,1.9562474489212036
249530.12,1.059000015258789,2.23
249630.12,1.059000015258789,0.43316683173179626
249730.12,1.0770000219345093,1.7584829330444336
249830.12,1.0770000219345093,1.9362099170684814
249930.12,1.0070000886917114,2.669625997543335
250030.12,1.0070000886917114,2.379631757736206
250130.12,0.9810000658035278,2.8603460788726807
250230.12,0.9810000658035278,1.3566291332244873
250330.12,0.9630000591278076,2.1322855949401855
250430.12,0.9630000591278076,2.1466593742370605
250530.12,0.8920000195503235,0.5574966073036194
250630.12,0.8920000195503235,2.2202470302581787
250730.12,0.8300000429153442,2.8412511348724365
250830.12,0.8300000429153442,1.6423040628433228
250930.12,0.8500000238418579,3.800243854522705
251030.12,0.8500000238418579,1.8485552072525024
251130.12,0.8060000538825989,3.750906229019165
251230.12,0.8060000538825989,0.8103962540626526
251330.12,0.8300000429153442,2.9528369903564453
251430.12,0.8300000429153442,1.8417067527770996
251530.12,0.8960000276565552,2.6215898990631104
251630.12,0.8960000276565552,1.9734306335449219
251730.12,0.88,2.797894239425659
251830.12,0.88,2.1952013969421387
251930.12,0.9490000605583191,0.38596832752227783
252030.12,0.9490000605583191,2.8373663425445557
252130.12,0.9980000257492065,1.6624765396118164
252230.12,0.9980000257492065,2.0803825855255127
252330.12,1.1350001096725464,1.5231094360351562
252430.12,1.1350001096725464,3.2755868434906006
252530.12,1.0980000495910645,2.464651107788086
252630.12,1.0980000495910645,1.2985931634902954
252730.12,1.1470000743865967,2.3286631107330322
252830.12,1.1470000743865967,3.802838087081909
252930.12,1.1170001029968262,1.601973295211792
253030.12,1.1170001029968262,2.154092311859131
253130.12,1.0890001058578491,1.6611520051956177
253230.12,1.0890001058578491,1.8807508945465088
253330.12,1.1890000104904175,3.8739593029022217
253430.12,1.1890000104904175,1.9927666187286377
253530.12,1.1660000085830688,1.5082387924194336
253630.12,1.1660000085830688,1.762694001197815
253730.12,1.1710000038146973,3.795929431915283
253830.12,1.1710000038146973,0.9470662474632263
253930.12,1.165000081062317,2.4359829425811768
254030.12,1.165000081062317,3.852907657623291
254130.12,1.2030000686645508,1.9635473489761353
254230.12,1.2030000686645508,4.029640197753906
254330.12,1.183000087738037,5.519078254699707
254430.12,1.183000087738037,3.784043073654175
254530.12,1.246000051498413,3.7749319076538086
254630.12,1.246000051498413,3.110593557357788
254730.12,1.4010000228881836,2.4439494609832764
254830.12,1.4010000228881836,4.227624893188477
254930.12,1.6100001335144043,2.2666661739349365
255030.12,1.6100001335144043,2.313135862350464
255130.12,2.1610000133514404,2.846031427383423
255230.12,2.1610000133514404,2.89
255330.12,2.9240000247955322,1.9258782863616943
255430.12,2.9240000247955322,3.3177995681762695
255530.12,3.6650002002716064,3.829385280609131
255630.12,3.6650002002716064,1.0866644382476807
255730.12,4.544000148773193,4.576536655426025
255830.12,4.544000148773193,4.966285705566406
255930.12,5.63,6.1446051597595215
256030.12,5.63,7.723215579986572
256130.12,6.595000267028809,8.18
256230.12,6.595000267028809,8.921440124511719
256330.12,7.52,9.371421813964844
256430.12,7.52,9.847325325012207
256530.12,8.083000183105469,9.547792434692383
256630.12,8.083000183105469,10.317239761352539
256730.12,8.557000160217285,10.381820678710938
256830.12,8.557000160217285,11.202652931213379
256930.12,9.16,10.944974899291992
257030.12,9.16,11.067829132080078
257130.12,9.667000770568848,11.36512565612793
257230.12,9.667000770568848,11.486987113952637
257330.12,10.582000732421875,11.865202903747559
257430.12,10.582000732421875,12.382352828979492
257530.12,11.425000190734863,12.436325073242188
257630.12,11.425000190734863,13.484247207641602
257730.12,12.231000900268555,13.897883415222168
257830.12,12.231000900268555,14.191362380981445
257930.12,13.017000198364258,14.182147979736328
258030.12,13.017000198364258,15.026211738586426
258130.12,13.772000312805176,15.243627548217773
258230.12,13.772000312805176,15.79108715057373
258330.12,14.350000381469727,15.974825859069824
258430.12,14.350000381469727,15.95150089263916
258530.12,14.67500114440918,16.053064346313477
258630.12,14.67500114440918,15.81397819519043
258730.12,15.246000289916992,16.433977127075195
258830.12,15.246000289916992,16.87125015258789
258930.12,15.795001029968262,17.052520751953125
259030.12,15.795001029968262,17.143238067626953
259130.12,16.373001098632812,17.007057189941406
259230.12,16.373001098632812,16.863277435302734
259330.12,16.461999893188477,17.007932662963867
259430.12,16.461999893188477,16.51725959777832
259530.12,15.885001182556152,16.289527893066406
259630.12,15.885001182556152,16.150625228881836
259730.12,15.10300064086914,15.794933319091797
259830.12,15.10300064086914,15.604269981384277
259930.12,14.097001075744629,15.052419662475586
260030.12,14.097001075744629,14.45056438446045
260130.12,13.475000381469727,14.412972450256348
260230.12,13.475000381469727,13.987126350402832
260330.12,13.12700080871582,14.481762886047363
260430.12,13.12700080871582,13.982625961303711
260530.12,13.202000617980957,14.19896411895752
260630.12,13.202000617980957,14.257976531982422
260730.12,13.335000991821289,13.932613372802734
260830.12,13.335000991821289,13.467087745666504
260930.12,13.50200080871582,13.506882667541504
261030.12,13.50200080871582,14.15
261130.12,13.646000862121582,13.961397171020508
261230.12,13.646000862121582,14.569092750549316
261330.12,13.858000755310059,14.508795738220215
261430.12,13.858000755310059,14.295031547546387
261530.12,13.91100025177002,13.964991569519043
261630.12,13.91100025177002,13.919058799743652
261730.12,14.076000213623047,14.299341201782227
261830.12,14.076000213623047,14.394490242004395
261930.12,14.158000946044922,14.338481903076172
262030.12,14.158000946044922,14.327948570251465
262130.12,13.915000915527344,14.677909851074219
262230.12,13.915000915527344,14.522966384887695
262330.12,13.647000312805176,14.786767959594727
262430.12,13.647000312805176,14.381169319152832
262530.12,13.175000190734863,14.537870407104492
262630.12,13.175000190734863,14.506967544555664
262730.12,12.777000427246094,14.283526420593262
262830.12,12.777000427246094,14.403302192687988
262930.12,12.595000267028809,13.665144920349121
263030.12,12.595000267028809,13.600796699523926
263130.12,12.533000946044922,13.793877601623535
263230.12,12.533000946044922,13.570605278015137
263330.12,12.464000701904297,13.534953117370605
263430.12,12.464000701904297,13.218981742858887
263530.12,12.336000442504883,13.565818786621094
263630.12,12.336000442504883,13.285848617553711
263730.12,12.280000686645508,13.489871978759766
263830.12,12.280000686645508,14.073312759399414
263930.12,12.584000587463379,14.166895866394043
264030.12,12.584000587463379,14.78870677947998
264130.12,12.719000816345215,14.532953262329102
264230.12,12.719000816345215,14.273496627807617
264330.12,12.719000816345215,15.319962501525879
264430.12,12.719000816345215,14.713079452514648
264530.12,12.769001007080078,14.976005554199219
264630.12,12.769001007080078,14.458438873291016
264730.12,12.711000442504883,14.736730575561523
264830.12,12.711000442504883,14.92962646484375
264930.12,12.678000450134277,14.56727409362793
265030.12,12.678000450134277,14.183777809143066
265130.12,12.334000587463379,14.29414176940918
265230.12,12.334000587463379,14.553187370300293
265330.12,12.056000709533691,14.146208763122559
265430.12,12.056000709533691,14.129399299621582
265530.12,11.710000991821289,14.358428955078125
265630.12,11.710000991821289,14.080235481262207
265730.12,11.454000473022461,13.904172897338867
265830.12,11.454000473022461,13.894051551818848
265930.12,11.420000076293945,13.713044166564941
266030.12,11.420000076293945,13.86642837524414
266130.12,11.498000144958496,13.420547485351562
266230.12,11.498000144958496,13.192170143127441
266330.12,11.515000343322754,13.606887817382812
266430.12,11.515000343322754,13.078327178955078
266530.12,11.884000778198242,12.903779029846191
266630.12,11.884000778198242,13.143089294433594
266730.12,12.226000785827637,13.619837760925293
266830.12,12.226000785827637,13.53119945526123
266930.12,12.580000877380371,13.840929985046387
267030.12,12.580000877380371,14.502238273620605
267130.12,12.932000160217285,14.627435684204102
267230.12,12.932000160217285,14.672236442565918
267330.12,13.140000343322754,14.73105239868164
267430.12,13.140000343322754,14.421303749084473
267530.12,13.217000961303711,14.782711029052734
267630.12,13.217000961303711,14.29149341583252
267730.12,13.27500057220459,14.855536460876465
267830.12,13.27500057220459,14.87844467163086
267930.12,13.213000297546387,14.891247749328613
268030.12,13.213000297546387,14.673731803894043
268130.12,13.203001022338867,14.894296646118164
268230.12,13.203001022338867,14.545592308044434
268330.12,13.178000450134277,14.686071395874023
268430.12,13.178000450134277,14.084778785705566
268530.12,13.04900074005127,13.944143295288086
268630.12,13.04900074005127,12.193949699401855
268730.12,13.213000297546387,28.967056274414062
268830.12,13.213000297546387,14.870512962341309
268930.12,13.320000648498535,15.319291114807129
269030.12,13.320000648498535,14.697831153869629
269130.12,13.451000213623047,14.496284484863281
269230.12,13.451000213623047,14.770329475402832
269330.12,13.646000862121582,14.720113754272461
269430.12,13.646000862121582,14.500643730163574
269530.12,14.147000312805176,15.262030601501465
269630.12,14.147000312805176,15.037010192871094
269730.12,14.258000373840332,14.981823921203613
269830.12,14.258000373840332,15.119425773620605
269930.12,14.223000526428223,14.869558334350586
270030.12,14.223000526428223,15.011300086975098
270130.12,14.054000854492188,14.713188171386719
270230.12,14.054000854492188,14.682297706604004
270330.12,14.042000770568848,14.58034610748291
270430.12,14.042000770568848,14.578417778015137
270530.12,13.860000610351562,14.402775764465332
270630.12,13.860000610351562,13.434952735900879
270730.12,14.078001022338867,12.949231147766113
270830.12,14.078001022338867,14.027966499328613
270930.12,14.392001152038574,14.057452201843262
271030.12,14.392001152038574,14.056047439575195
271130.12,14.418000221252441,13.965802192687988
271230.12,14.418000221252441,13.877041816711426
271330.12,14.530000686645508,14.46419620513916
271430.12,14.530000686645508,13.91269588470459
271530.12,14.619000434875488,13.927059173583984
271630.12,14.619000434875488,13.768585205078125
271730.12,15.191000938415527,13.98534870147705
271830.12,15.191000938415527,14.39443588256836
271930.12,15.358000755310059,13.986584663391113
272030.12,15.358000755310059,14.264435768127441
272130.12,15.80000114440918,14.802870750427246
272230.12,15.80000114440918,14.699332237243652
272330.12,15.946001052856445,15.049513816833496
272430.12,15.946001052856445,14.962181091308594
272530.12,16.43000030517578,15.290555000305176
272630.12,16.43000030517578,16.029436111450195
272730.12,16.391000747680664,19.68688201904297
272830.12,16.391000747680664,25.521076202392578
272930.12,16.428001403808594,13.44809627532959
273030.12,16.428001403808594,35.100189208984375
273130.12,16.58500099182129,29.142990112304688
273230.12,16.58500099182129,12.98297119140625
273330.12,16.415000915527344,8.545247077941895
273430.12,16.415000915527344,11.466238021850586
273530.12,16.368000030517578,19.15886688232422
273630.12,16.368000030517578,25.080692291259766
273730.12,16.428001403808594,28.881261825561523
273830.12,16.428001403808594,34.650062561035156
273930.12,16.36400032043457,36.15
274030.12,16.36400032043457,3.192528486251831
274130.12,16.407001495361328,27.57
274230.12,16.407001495361328,18.689359664916992
274330.12,16.43800163269043,15.032783508300781
274430.12,16.43800163269043,14.101895332336426
274530.12,16.420000076293945,14.023070335388184
274630.12,16.420000076293945,13.818410873413086
274730.12,16.50200080871582,14.165215492248535
274830.12,16.50200080871582,14.354580879211426
274930.12,16.677000045776367,14.417227745056152
275030.12,16.677000045776367,15.503884315490723
275130.12,16.760000228881836,23.66594696044922
275230.12,16.760000228881836,18.005395889282227
275330.12,16.76300048828125,37.360530853271484
275430.12,16.76300048828125,22.78133773803711
275530.12,16.60900115966797,13.174906730651855
275630.12,16.60900115966797,14.131643295288086
275730.12,16.371000289916992,14.307870864868164
275830.12,16.371000289916992,14.287912368774414
275930.12,15.977001190185547,13.816429138183594
276030.12,15.977001190185547,13.79049301147461
276130.12,15.520000457763672,13.019453048706055
276230.12,15.520000457763672,12.858830451965332
276330.12,15.29900074005127,10.829133033752441
276430.12,15.29900074005127,33.96571350097656
276530.12,15.169000625610352,15.302043914794922
276630.12,15.169000625610352,17.15817642211914
276730.12,15.170001029968262,12.991291046142578
276830.12,15.170001029968262,13.254441261291504
276930.12,15.335000991821289,12.823803901672363
277030.12,15.335000991821289,13.119608879089355
277130.12,15.456000328063965,13.158164978027344
277230.12,15.456000328063965,13.057839393615723
277330.12,15.59,13.299653053283691
277430.12,15.59,13.215970993041992
277530.12,15.881000518798828,17.180843353271484
277630.12,15.881000518798828,10.393548011779785
277730.12,16.056001663208008,30.207942962646484
277830.12,16.056001663208008,11.858999252319336
277930.12,15.772000312805176,11.852068901062012
278030.12,15.772000312805176,12.622297286987305
278130.12,15.220000267028809,12.803335189819336
278230.12,15.220000267028809,13.042640686035156
278330.12,14.617000579833984,12.815045356750488
278430.12,14.617000579833984,13.046414375305176
278530.12,14.508000373840332,10.392590522766113
278630.12,14.508000373840332,33.902503967285156
278730.12,14.348000526428223,18.506643295288086
278830.12,14.348000526428223,22.71393585205078
278930.12,14.256000518798828,13.511494636535645
279030.12,14.256000518798828,12.634614944458008
279130.12,14.429000854492188,12.718205451965332
279230.12,14.429000854492188,12.57217788696289
279330.12,14.506000518798828,12.963533401489258
279430.12,14.506000518798828,13.715314865112305
279530.12,14.835000991821289,19.034645080566406
279630.12,14.835000991821289,28.77803611755371
279730.12,14.802000999450684,12.181921005249023
279830.12,14.802000999450684,12.477002143859863
279930.12,14.846000671386719,12.787428855895996
280030.12,14.846000671386719,12.274080276489258
280130.12,14.72800064086914,12.465025901794434
280230.12,14.72800064086914,12.081188201904297
280330.12,14.274001121520996,11.69
280430.12,14.274001121520996,12.101554870605469
280530.12,13.973000526428223,12.109374046325684
280630.12,13.973000526428223,12.373822212219238
280730.12,13.99000072479248,12.436503410339355
280830.12,13.99000072479248,12.496953964233398
280930.12,13.85200023651123,12.172500610351562
281030.12,13.85200023651123,11.935225486755371
281130.12,14.121000289916992,11.578136444091797
281230.12,14.121000289916992,12.085514068603516
281330.12,13.907000541687012,12.359349250793457
281430.12,13.907000541687012,12.007323265075684
281530.12,14.13800048828125,12.072965621948242
281630.12,14.13800048828125,12.35546588897705
281730.12,14.215001106262207,12.639739036560059
281830.12,14.215001106262207,12.58077621459961
281930.12,14.50100040435791,12.660335540771484
282030.12,14.50100040435791,12.427753448486328
282130.12,14.630001068115234,12.605901718139648
282230.12,14.630001068115234,12.518156051635742
282330.12,14.72,12.814175605773926
282430.12,14.72,12.550982475280762
282530.12,14.68600082397461,12.203474044799805
282630.12,14.68600082397461,11.785300254821777
282730.12,14.631000518798828,11.71635913848877
282830.12,14.631000518798828,11.734642028808594
282930.12,14.47800064086914,11.065258979797363
283030.12,14.47800064086914,11.004929542541504
283130.12,14.339000701904297,10.797290802001953
283230.12,14.339000701904297,11.062878608703613
283330.12,14.204000473022461,11.65725040435791
283430.12,14.204000473022461,11.522741317749023
283530.12,14.067000389099121,11.431844711303711
283630.12,14.067000389099121,11.160621643066406
283730.12,14.062000274658203,11.38659381866455
283830.12,14.062000274658203,10.811484336853027
283930.12,14.034000396728516,10.928156852722168
284030.12,14.034000396728516,11.28063678741455
284130.12,14.042000770568848,10.89918327331543
284230.12,14.042000770568848,10.53425121307373
284330.12,14.062000274658203,10.75858211517334
284430.12,14.062000274658203,10.600825309753418
284530.12,13.954000473022461,10.79096508026123
284630.12,13.954000473022461,10.735221862792969
284730.12,13.932001113891602,11.11500358581543
284830.12,13.932001113891602,11.23471450805664
284930.12,14.06,10.829704284667969
285030.12,14.06,10.527929306030273
285130.12,14.144001007080078,10.416799545288086
285230.12,14.144001007080078,10.052071571350098
285330.12,14.159000396728516,10.493921279907227
285430.12,14.159000396728516,10.198378562927246
285530.12,14.03800106048584,10.450156211853027
285630.12,14.03800106048584,10.681097984313965
285730.12,13.969000816345215,10.189693450927734
285830.12,13.969000816345215,10.502368927001953
285930.12,13.920001029968262,10.055639266967773
286030.12,13.920001029968262,10.42417049407959
286130.12,13.878000259399414,9.94
286230.12,13.878000259399414,10.483635902404785
286330.12,13.92400074005127,11.37585735321045
286430.12,13.92400074005127,11.078299522399902
286530.12,13.946001052856445,10.844221115112305
286630.12,13.946001052856445,10.820688247680664
286730.12,14.065000534057617,11.183996200561523
286830.12,14.065000534057617,11.459192276000977
286930.12,13.921000480651855,11.494593620300293
287030.12,13.921000480651855,11.22867488861084
287130.12,13.722001075744629,11.281026840209961
287230.12,13.722001075744629,10.929611206054688
287330.12,13.327000617980957,10.27904987335205
287430.12,13.327000617980957,9.540478706359863
287530.12,13.01400089263916,9.14
287630.12,13.01400089263916,9.331565856933594
287730.12,12.533000946044922,9.100635528564453
287830.12,12.533000946044922,8.577618598937988
287930.12,12.455000877380371,8.999869346618652
288030.12,12.455000877380371,9.640735626220703
288130.12,12.197000503540039,10.455968856811523
288230.12,12.197000503540039,10.786133766174316
288330.12,12.528000831604004,11.78927230834961
288430.12,12.528000831604004,11.076167106628418
288530.12,13.03800106048584,11.419217109680176
288630.12,13.03800106048584,11.139740943908691
288730.12,13.547000885009766,11.920340538024902
288830.12,13.547000885009766,11.830357551574707
288930.12,13.873001098632812,10.460994720458984
289030.12,13.873001098632812,10.00222110748291
289130.12,13.843000411987305,10.400782585144043
289230.12,13.843000411987305,10.178389549255371
289330.12,13.676000595092773,10.64184856414795
289430.12,13.676000595092773,10.102313995361328
289530.12,13.53800106048584,10.097801208496094
289630.12,13.53800106048584,10.267481803894043
289730.12,13.580000877380371,10.748482704162598
289830.12,13.580000877380371,11.007671356201172
289930.12,13.440000534057617,10.883614540100098
290030.12,13.440000534057617,10.691261291503906
290130.12,13.35200023651123,10.824780464172363
290230.12,13.35200023651123,10.960016250610352
290330.12,12.881000518798828,10.872475624084473
290430.12,12.881000518798828,10.333916664123535
290530.12,12.672000885009766,9.888297080993652
290630.12,12.672000885009766,9.658112525939941
290730.12,12.218000411987305,9.442920684814453
290830.12,12.218000411987305,9.92
290930.12,11.906000137329102,9.792969703674316
291030.12,11.906000137329102,10.45578670501709
291130.12,11.85200023651123,10.926724433898926
291230.12,11.85200023651123,11.086304664611816
291330.12,11.725000381469727,10.87021541595459
291430.12,11.725000381469727,10.833183288574219
291530.12,11.726000785827637,11.019746780395508
291630.12,11.726000785827637,10.871016502380371
291730.12,11.689000129699707,11.04908561706543
291830.12,11.689000129699707,11.322896957397461
291930.12,11.705000877380371,11.107856750488281
292030.12,11.705000877380371,11.160712242126465
292130.12,11.647000312805176,11.083616256713867
292230.12,11.647000312805176,11.294391632080078
292330.12,11.533000946044922,11.849809646606445
292430.12,11.533000946044922,11.206002235412598
292530.12,11.208000183105469,11.438728332519531
292630.12,11.208000183105469,11.479936599731445
292730.12,11.481000900268555,11.710472106933594
292830.12,11.481000900268555,12.066544532775879
292930.12,11.506000518798828,11.949175834655762
293030.12,11.506000518798828,11.825968742370605
293130.12,11.652000427246094,12.122042655944824
293230.12,11.652000427246094,12.234296798706055
293330.12,11.867000579833984,12.472882270812988
293430.12,11.867000579833984,12.147809028625488
293530.12,12.011000633239746,12.111100196838379
293630.12,12.011000633239746,12.264263153076172
293730.12,12.236001014709473,12.350825309753418
293830.12,12.236001014709473,12.729632377624512
293930.12,12.472000122070312,12.431706428527832
294030.12,12.472000122070312,12.883177757263184
294130.12,12.78800106048584,12.810209274291992
294230.12,12.78800106048584,13.363080978393555
294330.12,12.903000831604004,13.857709884643555
294430.12,12.903000831604004,13.458390235900879
294530.12,12.951000213623047,13.47984790802002
294630.12,12.951000213623047,13.831230163574219
294730.12,12.99000072479248,14.028006553649902
294830.12,12.99000072479248,14.014756202697754
294930.12,12.76400089263916,13.245905876159668
295030.12,12.76400089263916,13.144497871398926
295130.12,12.73900032043457,13.229110717773438
295230.12,12.73900032043457,13.339402198791504
295330.12,12.756000518798828,13.071629524230957
295430.12,12.756000518798828,13.240143775939941
295530.12,12.779000282287598,12.871936798095703
295630.12,12.779000282287598,13.052040100097656
295730.12,12.951000213623047,13.272439956665039
295830.12,12.951000213623047,13.911069869995117
295930.12,13.106000900268555,13.651568412780762
296030.12,13.106000900268555,13.467121124267578
296130.12,13.119000434875488,13.549293518066406
296230.12,13.119000434875488,13.269057273864746
296330.12,13.460000991821289,14.043238639831543
296430.12,13.460000991821289,13.92122745513916
296530.12,13.706000328063965,14.289480209350586
296630.12,13.706000328063965,14.556253433227539
296730.12,13.757000923156738,14.583094596862793
296830.12,13.757000923156738,14.532363891601562
296930.12,13.822000503540039,14.850756645202637
297030.12,13.822000503540039,14.663311958312988
297130.12,13.773000717163086,14.539813995361328
297230.12,13.773000717163086,14.63407039642334
297330.12,13.718000411987305,14.609602928161621
297430.12,13.718000411987305,14.787731170654297
297530.12,13.774001121520996,14.592989921569824
297630.12,13.774001121520996,14.590218544006348
297730.12,13.551000595092773,14.136208534240723
297830.12,13.551000595092773,14.366738319396973
297930.12,13.609000205993652,14.035388946533203
298030.12,13.609000205993652,14.309881210327148
298130.12,13.643000602722168,14.261324882507324
298230.12,13.643000602722168,14.173781394958496
298330.12,13.684000968933105,14.33525562286377
298430.12,13.684000968933105,14.440364837646484
298530.12,13.580000877380371,14.174359321594238
298630.12,13.580000877380371,14.297762870788574
298730.12,13.743000984191895,14.392999649047852
298830.12,13.743000984191895,14.313543319702148
298930.12,13.800000190734863,14.100713729858398
299030.12,13.800000190734863,14.294116973876953
299130.12,13.777000427246094,14.219242095947266
299230.12,13.777000427246094,14.457412719726562
299330.12,13.803000450134277,14.319439888000488
299430.12,13.803000450134277,14.25443172454834
299530.12,13.557001113891602,13.911416053771973
299630.12,13.557001113891602,13.96480941772461
299730.12,13.305000305175781,13.879281044006348
299830.12,13.305000305175781,13.927550315856934
299930.12,13.010000228881836,13.328326225280762
300030.12,13.010000228881836,13.553905487060547
300130.12,12.793000221252441,12.998729705810547
300230.12,12.793000221252441,13.512578964233398
300330.12,12.588000297546387,13.224640846252441
300430.12,12.588000297546387,13.038105010986328
300530.12,12.61400032043457,12.899991989135742
300630.12,12.61400032043457,13.043200492858887
300730.12,12.494000434875488,13.03233814239502
300830.12,12.494000434875488,13.173871040344238
300930.12,12.527000427246094,13.084999084472656
301030.12,12.527000427246094,13.185203552246094
301130.12,12.63800048828125,13.19212818145752
301230.12,12.63800048828125,13.332061767578125
301330.12,12.517000198364258,13.860182762145996
301430.12,12.517000198364258,13.325385093688965
301530.12,12.523000717163086,13.077703475952148
301630.12,12.523000717163086,13.23834228515625
301730.12,12.415000915527344,13.018951416015625
301830.12,12.415000915527344,13.527358055114746
301930.12,12.269001007080078,12.844670295715332
302030.12,12.269001007080078,12.880480766296387
302130.12,12.031000137329102,12.948770523071289
302230.12,12.031000137329102,12.872694969177246
302330.12,11.856000900268555,12.964323043823242
302430.12,11.856000900268555,13.163232803344727
302530.12,11.696000099182129,13.214445114135742
302630.12,11.696000099182129,13.368760108947754
302730.12,11.427000999450684,13.487061500549316
302830.12,11.427000999450684,13.385794639587402
302930.12,11.209000587463379,13.487815856933594
303030.12,11.209000587463379,13.317560195922852
303130.12,11.083000183105469,13.12470817565918
303230.12,11.083000183105469,13.257222175598145
303330.12,10.919000625610352,13.438005447387695
303430.12,10.919000625610352,13.003742218017578
303530.12,10.871000289916992,13.259519577026367
303630.12,10.871000289916992,13.256840705871582
303730.12,10.781000137329102,13.049708366394043
303830.12,10.781000137329102,13.737241744995117
303930.12,10.878000259399414,13.183956146240234
304030.12,10.878000259399414,13.562986373901367
304130.12,10.643000602722168,13.810175895690918
304230.12,10.643000602722168,13.527854919433594
304330.12,10.712000846862793,13.24742317199707
304430.12,10.712000846862793,12.998021125793457
304530.12,10.678000450134277,12.831941604614258
304630.12,10.678000450134277,12.909192085266113
304730.12,10.770000457763672,13.271044731140137
304830.12,10.770000457763672,13.071488380432129
304930.12,10.523000717163086,13.171830177307129
305030.12,10.523000717163086,13.45010757446289
305130.12,10.628000259399414,13.395851135253906
305230.12,10.628000259399414,12.994710922241211
305330.12,10.653000831604004,13.43468189239502
305430.12,10.653000831604004,13.047320365905762
305530.12,10.681000709533691,12.973416328430176
305630.12,10.681000709533691,13.084907531738281
305730.12,10.712000846862793,13.063921928405762
305830.12,10.712000846862793,13.13172721862793
305930.12,10.902000427246094,12.93116569519043
306030.12,10.902000427246094,13.14718246459961
306130.12,11.206000328063965,13.328964233398438
306230.12,11.206000328063965,13.134848594665527
306330.12,11.405000686645508,12.52039623260498
306430.12,11.405000686645508,12.766322135925293
306530.12,11.63900089263916,12.381542205810547
306630.12,11.63900089263916,12.57087516784668
306730.12,11.91200065612793,13.881404876708984
306830.12,11.91200065612793,14.215174674987793
306930.12,12.111001014709473,14.345337867736816
307030.12,12.111001014709473,14.021208763122559
307130.12,12.168000221252441,13.987473487854004
307230.12,12.168000221252441,13.84375286102295
307330.12,12.366000175476074,14.191097259521484
307430.12,12.366000175476074,13.658563613891602
307530.12,12.206000328063965,13.78544807434082
307630.12,12.206000328063965,13.647722244262695
307730.12,12.190000534057617,13.711647033691406
307830.12,12.190000534057617,13.838981628417969
307930.12,12.28600025177002,13.523022651672363
308030.12,12.28600025177002,13.203109741210938
308130.12,12.261000633239746,13.257482528686523
308230.12,12.261000633239746,13.527009963989258
308330.12,12.381000518798828,13.528034210205078
308430.12,12.381000518798828,13.738286018371582
308530.12,12.444000244140625,13.494415283203125
308630.12,12.444000244140625,13.19494915008545
308730.12,12.52500057220459,13.372025489807129
308830.12,12.52500057220459,14.377596855163574
308930.12,12.718000411987305,19.478700637817383
309030.12,12.718000411987305,22.222990036010742
309130.12,12.886000633239746,26.55486488342285
309230.12,12.886000633239746,24.718137741088867
309330.12,13.155000686645508,21.28005027770996
309430.12,13.155000686645508,18.717756271362305
309530.12,13.48900032043457,16.93977928161621
309630.12,13.48900032043457,15.640832901000977
309730.12,13.750000953674316,15.160879135131836
309830.12,13.750000953674316,15.701725959777832
309930.12,14.133000373840332,15.630091667175293
310030.12,14.133000373840332,16.93901252746582
310130.12,14.438000679016113,20.723011016845703
310230.12,14.438000679016113,12.965072631835938
310330.12,14.284000396728516,24.961673736572266
310430.12,14.284000396728516,25.789817810058594
310530.12,14.986001014709473,21.46707534790039
310630.12,14.986001014709473,18.77938461303711
310730.12,15.09,16.579912185668945
310830.12,15.09,18.85409164428711
310930.12,15.210000991821289,22.184118270874023
311030.12,15.210000991821289,19.98478889465332
311130.12,15.569001197814941,14.842329978942871
311230.12,15.569001197814941,9.886756896972656
311330.12,15.885001182556152,4.97
311430.12,15.885001182556152,8.426556587219238
311530.12,16.159000396728516,17.000328063964844
311630.12,16.159000396728516,25.81943702697754
311730.12,16.55500030517578,32.99995803833008
311830.12,16.55500030517578,37.880836486816406
311930.12,16.713001251220703,36.12
312030.12,16.713001251220703,29.85310173034668
312130.12,17.160001754760742,19.242258071899414
312230.12,17.160001754760742,17.538480758666992
312330.12,17.49700164794922,24.70
312430.12,17.49700164794922,28.509740829467773
312530.12,17.772001266479492,28.021493911743164
312630.12,17.772001266479492,24.009197235107422
312730.12,18.034000396728516,20.935678482055664
312830.12,18.034000396728516,19.897851943969727
312930.12,18.262001037597656,19.51841926574707
313030.12,18.262001037597656,19.589588165283203
313130.12,18.48900032043457,20.764503479003906
313230.12,18.48900032043457,22.850814819335938
313330.12,18.75400161743164,26.161012649536133
313430.12,18.75400161743164,29.212661743164062
313530.12,18.860000610351562,23.723094940185547
313630.12,18.860000610351562,14.44
313730.12,19.102001190185547,29.79791831970215
313830.12,19.102001190185547,35.74732208251953
313930.12,19.119001388549805,36.340911865234375
314030.12,19.119001388549805,33.54071807861328
314130.12,19.237001419067383,30.445737838745117
314230.12,19.237001419067383,29.757455825805664
314330.12,19.235000610351562,32.56782913208008
314430.12,19.235000610351562,33.02116394042969
314530.12,19.216001510620117,31.122676849365234
314630.12,19.216001510620117,27.04922866821289
314730.12,19.16900062561035,23.57931900024414
314830.12,19.16900062561035,18.643619537353516
314930.12,19.09600067138672,15.053323745727539
315030.12,19.09600067138672,12.993309020996094
315130.12,19.12200164794922,4.358724594116211
315230.12,19.12200164794922,3.0403237342834473
315330.12,19.11600112915039,4.345053195953369
315430.12,19.11600112915039,5.250420093536377
315530.12,18.972000122070312,7.435946464538574
315630.12,18.972000122070312,5.848809719085693
315730.12,18.95400047302246,6.84
315830.12,18.95400047302246,11.453863143920898
315930.12,18.802000045776367,14.653083801269531
316030.12,18.802000045776367,15.842522621154785
316130.12,18.70600128173828,16.282855987548828
316230.12,18.70600128173828,16.199234008789062
316330.12,18.481000900268555,16.489166259765625
316430.12,18.481000900268555,16.44745445251465
316530.12,18.21900177001953,16.30142593383789
316630.12,18.21900177001953,16.17420196533203
316730.12,17.98400115966797,16.158958435058594
316830.12,17.98400115966797,15.978081703186035
316930.12,17.808000564575195,15.96976375579834
317030.12,17.808000564575195,15.90653133392334
317130.12,17.78,15.810887336730957
317230.12,17.78,16.03944969177246
317330.12,17.674001693725586,15.734199523925781
317430.12,17.674001693725586,15.424983024597168
317530.12,17.740001678466797,15.399600982666016
317630.12,17.740001678466797,15.628885269165039
317730.12,17.82400131225586,15.682973861694336
317830.12,17.82400131225586,15.970233917236328
317930.12,17.892000198364258,15.34250259399414
318030.12,17.892000198364258,13.93356990814209
318130.12,18.136001586914062,11.821969985961914
318230.12,18.136001586914062,9.686836242675781
318330.12,18.26300048828125,9.275262832641602
318430.12,18.26300048828125,8.351419448852539
318530.12,18.55000114440918,11.06759262084961
318630.12,18.55000114440918,13.232223510742188
318730.12,18.534000396728516,15.451666831970215
318830.12,18.534000396728516,16.133258819580078
318930.12,18.641000747680664,15.65881633758545
319030.12,18.641000747680664,15.746320724487305
319130.12,18.512001037597656,15.775814056396484
319230.12,18.512001037597656,15.686896324157715
319330.12,18.463001251220703,15.584789276123047
319430.12,18.463001251220703,15.66275691986084
319530.12,18.31,15.514291763305664
319630.12,18.31,15.587095260620117
319730.12,18.14900016784668,15.488073348999023
319830.12,18.14900016784668,15.49866771697998
319930.12,18.060001373291016,15.606478691101074
320030.12,18.060001373291016,15.39645767211914
320130.12,18.19500160217285,15.041291236877441
320230.12,18.19500160217285,15.673736572265625
320330.12,18.196001052856445,15.619592666625977
320430.12,18.196001052856445,15.26958179473877
320530.12,18.368000030517578,15.241345405578613
320630.12,18.368000030517578,15.555727005004883
320730.12,18.496000289916992,14.856218338012695
320830.12,18.496000289916992,10.781993865966797
320930.12,18.784000396728516,10.555498123168945
321030.12,18.784000396728516,17.400615692138672
321130.12,19.12700080871582,9.262052536010742
321230.12,19.12700080871582,12.942408561706543
321330.12,19.43800163269043,15.734692573547363
321430.12,19.43800163269043,16.077613830566406
321530.12,19.612001419067383,15.873968124389648
321630.12,19.612001419067383,15.937838554382324
321730.12,19.601001739501953,15.88444709777832
321830.12,19.601001739501953,16.193771362304688
321930.12,19.198001861572266,15.681397438049316
322030.12,19.198001861572266,15.814876556396484
322130.12,18.876001358032227,15.664599418640137
322230.12,18.876001358032227,15.308148384094238
322330.12,18.735000610351562,15.770356178283691
322430.12,18.735000610351562,15.637598037719727
322530.12,18.642000198364258,15.411423683166504
322630.12,18.642000198364258,15.123892784118652
322730.12,18.628000259399414,15.603928565979004
322830.12,18.628000259399414,16.034923553466797
322930.12,18.791000366210938,15.564435958862305
323030.12,18.791000366210938,15.02389144897461
323130.12,18.974000930786133,15.499969482421875
323230.12,18.974000930786133,15.255321502685547
323330.12,19.106000900268555,14.881869316101074
323430.12,19.106000900268555,15.085617065429688
323530.12,19.506000518798828,15.456208229064941
323630.12,19.506000518798828,15.421857833862305
323730.12,19.58300018310547,15.132318496704102
323830.12,19.58300018310547,15.469747543334961
323930.12,19.79800033569336,15.203478813171387
324030.12,19.79800033569336,15.356700897216797
324130.12,19.998001098632812,15.726757049560547
324230.12,19.998001098632812,15.343832969665527
324330.12,19.931001663208008,15.79625415802002
324430.12,19.931001663208008,15.935667037963867
324530.12,19.527000427246094,15.624258041381836
324630.12,19.527000427246094,15.203519821166992
324730.12,19.31300163269043,15.27944564819336
324830.12,19.31300163269043,15.712400436401367
324930.12,18.249000549316406,15.58602237701416
325030.12,18.249000549316406,15.30197811126709
325130.12,17.630001068115234,15.083248138427734
325230.12,17.630001068115234,14.425254821777344
325330.12,17.21500015258789,13.531270027160645
325430.12,17.21500015258789,14.081808090209961
325530.12,16.894001007080078,13.865675926208496
325630.12,16.894001007080078,13.705202102661133
325730.12,16.815000534057617,13.470544815063477
325830.12,16.815000534057617,13.590039253234863
325930.12,16.746000289916992,13.171131134033203
326030.12,16.746000289916992,13.38737678527832
326130.12,16.911001205444336,13.99988079071045
326230.12,16.911001205444336,13.766468048095703
326330.12,16.926000595092773,14.345036506652832
326430.12,16.926000595092773,13.842386245727539
326530.12,16.928001403808594,13.903597831726074
326630.12,16.928001403808594,14.11524486541748
326730.12,16.779001235961914,14.186271667480469
326830.12,16.779001235961914,14.665112495422363
326930.12,16.670000076293945,14.704524040222168
327030.12,16.670000076293945,13.929630279541016
327130.12,16.35500144958496,13.922982215881348
327230.12,16.35500144958496,13.766800880432129
327330.12,15.99100112915039,13.44117259979248
327430.12,15.99100112915039,13.193074226379395
327530.12,15.508000373840332,13.204154968261719
327630.12,15.508000373840332,13.493807792663574
327730.12,14.895000457763672,13.545889854431152
327830.12,14.895000457763672,13.916035652160645
327930.12,14.206000328063965,13.390156745910645
328030.12,14.206000328063965,13.642889976501465
328130.12,13.585000991821289,13.077193260192871
328230.12,13.585000991821289,13.164529800415039
328330.12,13.018000602722168,13.161431312561035
328430.12,13.018000602722168,12.903746604919434
328530.12,12.473000526428223,13.092281341552734
328630.12,12.473000526428223,13.047181129455566
328730.12,11.952000617980957,13.198384284973145
328830.12,11.952000617980957,13.163411140441895
328930.12,11.76200008392334,12.998205184936523
329030.12,11.76200008392334,12.90592098236084
329130.12,11.692000389099121,12.814894676208496
329230.12,11.692000389099121,12.84931755065918
329330.12,11.669000625610352,12.770858764648438
329430.12,11.669000625610352,12.686972618103027
329530.12,11.750000953674316,12.523353576660156
329630.12,11.750000953674316,12.032872200012207
329730.12,11.881000518798828,12.183100700378418
329830.12,11.881000518798828,12.43
329930.12,12.270000457763672,11.848219871520996
330030.12,12.270000457763672,11.74069595336914
330130.12,12.487000465393066,13.032129287719727
330230.12,12.487000465393066,13.194480895996094
330330.12,12.688000679016113,13.164361953735352
330430.12,12.688000679016113,13.191014289855957
330530.12,12.85300064086914,12.964386940002441
330630.12,12.85300064086914,12.713075637817383
330730.12,13.058000564575195,12.341636657714844
330830.12,13.058000564575195,12.405357360839844
330930.12,12.997000694274902,12.871441841125488
331030.12,12.997000694274902,12.794154167175293
331130.12,12.722001075744629,12.957268714904785
331230.12,12.722001075744629,12.826654434204102
331330.12,12.430000305175781,12.380936622619629
331430.12,12.430000305175781,11.99377155303955
331530.12,12.243000984191895,12.262402534484863
331630.12,12.243000984191895,11.976325988769531
331730.12,12.016000747680664,11.930026054382324
331830.12,12.016000747680664,12.263951301574707
331930.12,11.896000862121582,12.26427173614502
332030.12,11.896000862121582,12.305351257324219
332130.12,11.81,12.145485877990723
332230.12,11.81,11.996125221252441
332330.12,11.908000946044922,11.745612144470215
332430.12,11.908000946044922,11.096802711486816
332530.12,12.203001022338867,10.648934364318848
332630.12,12.203001022338867,10.829047203063965
332730.12,12.519001007080078,11.710972785949707
332830.12,12.519001007080078,11.844971656799316
332930.12,12.516000747680664,12.105291366577148
333030.12,12.516000747680664,12.003385543823242
333130.12,12.700000762939453,13.113161087036133
333230.12,12.700000762939453,13.911279678344727
333330.12,12.670001029968262,13.941797256469727
333430.12,12.670001029968262,14.076111793518066
333530.12,12.955000877380371,13.840543746948242
333630.12,12.955000877380371,13.692217826843262
333730.12,13.225000381469727,14.033381462097168
333830.12,13.225000381469727,14.495405197143555
333930.12,13.232000350952148,13.954479217529297
334030.12,13.232000350952148,13.598159790039062
334130.12,12.860000610351562,13.13098430633545
334230.12,12.860000610351562,13.115501403808594
334330.12,12.416000366210938,12.99195671081543
334430.12,12.416000366210938,12.728119850158691
334530.12,12.019001007080078,12.423266410827637
334630.12,12.019001007080078,12.42516040802002
334730.12,11.849000930786133,12.538223266601562
334830.12,11.849000930786133,12.146349906921387
334930.12,11.737000465393066,12.217833518981934
335030.12,11.737000465393066,12.126416206359863
335130.12,11.657000541687012,12.16913890838623
335230.12,11.657000541687012,12.13081169128418
335330.12,11.608000755310059,12.656469345092773
335430.12,11.608000755310059,12.36411190032959
335530.12,11.500000953674316,12.607664108276367
335630.12,11.500000953674316,12.233247756958008
335730.12,11.34000015258789,12.397300720214844
335830.12,11.34000015258789,12.63910961151123
335930.12,11.22800064086914,12.296270370483398
336030.12,11.22800064086914,12.179208755493164
336130.12,11.019000053405762,12.282835006713867
336230.12,11.019000053405762,12.519370079040527
336330.12,10.87700080871582,12.507804870605469
336430.12,10.87700080871582,12.218120574951172
336530.12,10.835000038146973,11.99574089050293
336630.12,10.835000038146973,12.145477294921875
336730.12,10.795000076293945,12.223273277282715
336830.12,10.795000076293945,12.171619415283203
336930.12,10.70300006866455,12.326001167297363
337030.12,10.70300006866455,12.252349853515625
337130.12,10.682000160217285,12.341024398803711
337230.12,10.682000160217285,11.840703010559082
337330.12,10.634000778198242,12.099029541015625
337430.12,10.634000778198242,11.792162895202637
337530.12,10.646000862121582,11.832751274108887
337630.12,10.646000862121582,11.799822807312012
337730.12,10.723000526428223,11.830497741699219
337830.12,10.723000526428223,12.035372734069824
337930.12,10.719000816345215,11.972463607788086
338030.12,10.719000816345215,12.005657196044922
338130.12,10.855000495910645,12.213665962219238
338230.12,10.855000495910645,12.151738166809082
338330.12,10.867000579833984,12.05858039855957
338430.12,10.867000579833984,11.850152969360352
338530.12,10.894000053405762,12.103732109069824
338630.12,10.894000053405762,11.968123435974121
338730.12,10.97700023651123,11.916430473327637
338830.12,10.97700023651123,12.167806625366211
338930.12,11.004000663757324,11.934575080871582
339030.12,11.004000663757324,11.987272262573242
339130.12,11.030000686645508,12.231447219848633
339230.12,11.030000686645508,12.13733196258545
339330.12,11.07300090789795,12.482661247253418
339430.12,11.07300090789795,12.31
339530.12,11.136000633239746,12.163536071777344
339630.12,11.136000633239746,12.167318344116211
339730.12,11.131000518798828,12.15183162689209
339830.12,11.131000518798828,12.222569465637207
339930.12,11.144000053405762,12.32088565826416
340030.12,11.144000053405762,12.125532150268555
340130.12,11.15,12.057975769042969
340230.12,11.15,12.295788764953613
340330.12,11.105000495910645,12.188161849975586
340430.12,11.105000495910645,11.899104118347168
340530.12,11.050000190734863,12.083843231201172
340630.12,11.050000190734863,11.925023078918457
340730.12,10.997000694274902,11.936616897583008
340830.12,10.997000694274902,12.33949089050293
340930.12,10.796000480651855,11.674540519714355
341030.12,10.796000480651855,11.702520370483398
341130.12,10.780000686645508,11.52147102355957
341230.12,10.780000686645508,11.433868408203125
341330.12,10.664000511169434,11.841733932495117
341430.12,10.664000511169434,11.66491985321045
341530.12,10.688000679016113,11.230734825134277
341630.12,10.688000679016113,11.53675651550293
341730.12,10.76300048828125,11.417951583862305
341830.12,10.76300048828125,11.242172241210938
341930.12,10.817000389099121,11.395105361938477
342030.12,10.817000389099121,10.897664070129395
342130.12,10.856000900268555,11.286775588989258
342230.12,10.856000900268555,11.51065444946289
342330.12,10.761000633239746,10.718785285949707
342430.12,10.761000633239746,10.768400192260742
342530.12,10.623000144958496,10.34
342630.12,10.623000144958496,9.625699996948242
342730.12,10.495000839233398,9.404532432556152
342830.12,10.495000839233398,10.64
342930.12,10.314000129699707,10.439916610717773
343030.12,10.314000129699707,10.580587387084961
343130.12,10.20300006866455,10.688397407531738
343230.12,10.20300006866455,11.189868927001953
343330.12,10.152000427246094,11.471467018127441
343430.12,10.152000427246094,10.914405822753906
343530.12,10.193000793457031,10.82382583618164
343630.12,10.193000793457031,11.000326156616211
343730.12,10.265000343322754,10.976551055908203
343830.12,10.265000343322754,11.086268424987793
343930.12,10.27500057220459,10.963923454284668
344030.12,10.27500057220459,10.356659889221191
344130.12,10.44,10.325488090515137
344230.12,10.44,10.486564636230469
344330.12,10.652000427246094,10.389318466186523
344430.12,10.652000427246094,10.46988582611084
344530.12,10.707000732421875,10.383630752563477
344630.12,10.707000732421875,10.024246215820312
344730.12,10.894000053405762,9.968369483947754
344830.12,10.894000053405762,10.18647575378418
344930.12,11.010000228881836,9.79
345030.12,11.010000228881836,10.218506813049316
345130.12,11.044000625610352,10.137650489807129
345230.12,11.044000625610352,10.495550155639648
345330.12,10.959000587463379,10.682188034057617
345430.12,10.959000587463379,10.47026538848877
345530.12,10.79900074005127,10.41270923614502
345630.12,10.79900074005127,10.578508377075195
345730.12,10.413000106811523,10.598431587219238
345830.12,10.413000106811523,10.364596366882324
345930.12,10.292000770568848,9.353875160217285
346030.12,10.292000770568848,10.049076080322266
346130.12,10.008000373840332,9.934162139892578
346230.12,10.008000373840332,9.69
346330.12,9.534000396728516,9.179169654846191
346430.12,9.534000396728516,8.713865280151367
346530.12,9.068000793457031,9.464143753051758
346630.12,9.068000793457031,9.12
346730.12,8.538000106811523,8.604079246520996
346830.12,8.538000106811523,9.645328521728516
346930.12,8.084000587463379,9.910368919372559
347030.12,8.084000587463379,9.399613380432129
347130.12,7.943000316619873,9.12
347230.12,7.943000316619873,10.241196632385254
347330.12,7.759000301361084,9.716232299804688
347430.12,7.759000301361084,9.906135559082031
347530.12,7.755000591278076,9.915939331054688
347630.12,7.755000591278076,9.718111991882324
347730.12,7.833000183105469,10.691487312316895
347830.12,7.833000183105469,10.012848854064941
347930.12,8.011000633239746,10.006994247436523
348030.12,8.011000633239746,10.437172889709473
348130.12,8.369000434875488,10.17100715637207
348230.12,8.369000434875488,10.799262046813965
348330.12,8.869000434875488,11.518654823303223
348430.12,8.869000434875488,11.239890098571777
348530.12,9.556000709533691,11.351001739501953
348630.12,9.556000709533691,11.806852340698242
348730.12,10.160000801086426,11.807686805725098
348830.12,10.160000801086426,13.119413375854492
348930.12,10.826000213623047,12.841499328613281
349030.12,10.826000213623047,12.939786911010742
349130.12,11.494000434875488,13.382179260253906
349230.12,11.494000434875488,14.057001113891602
349330.12,12.121000289916992,14.327849388122559
349430.12,12.121000289916992,14.615562438964844
349530.12,12.66200065612793,14.524187088012695
349630.12,12.66200065612793,14.685291290283203
349730.12,13.159000396728516,14.792706489562988
349830.12,13.159000396728516,15.128290176391602
349930.12,13.562000274658203,15.095388412475586
350030.12,13.562000274658203,14.757688522338867
350130.12,13.855000495910645,15.210256576538086
350230.12,13.855000495910645,15.069075584411621
350330.12,14.006000518798828,15.495960235595703
350430.12,14.006000518798828,15.25063419342041
350530.12,14.258000373840332,14.824528694152832
350630.12,14.258000373840332,14.81
350730.12,14.41200065612793,15.556629180908203
350830.12,14.41200065612793,15.52613353729248
350930.12,14.772000312805176,15.55
351030.12,14.772000312805176,15.648395538330078
351130.12,15.047000885009766,15.974244117736816
351230.12,15.047000885009766,16.188425064086914
351330.12,15.426000595092773,16.184207916259766
351430.12,15.426000595092773,16.475059509277344
351530.12,15.721000671386719,16.54319190979004
351630.12,15.721000671386719,16.776411056518555
351730.12,16.07400131225586,16.677593231201172
351830.12,16.07400131225586,17.320093154907227
351930.12,16.34200096130371,17.41586685180664
352030.12,16.34200096130371,17.662805557250977
352130.12,16.418001174926758,18.245046615600586
352230.12,16.418001174926758,18.174976348876953
352330.12,16.334001541137695,18.407499313354492
352430.12,16.334001541137695,18.169422149658203
352530.12,16.200000762939453,18.10297966003418
352630.12,16.200000762939453,17.62
352730.12,16.047000885009766,17.76906394958496
352830.12,16.047000885009766,18.132057189941406
352930.12,15.845001220703125,17.352705001831055
353030.12,15.845001220703125,16.977420806884766
353130.12,15.515000343322754,17.020343780517578
353230.12,15.515000343322754,17.10047721862793
353330.12,15.411001205444336,17.070384979248047
353430.12,15.411001205444336,17.02387237548828
353530.12,15.255001068115234,16.966413497924805
353630.12,15.255001068115234,16.86208152770996
353730.12,15.278000831604004,16.71074676513672
353830.12,15.278000831604004,16.87652015686035
353930.12,15.590001106262207,12.419286727905273
354030.12,15.590001106262207,14.57919692993164
354130.12,15.837000846862793,17.347930908203125
354230.12,15.837000846862793,17.53
354330.12,15.915000915527344,17.689308166503906
354430.12,15.915000915527344,17.369808197021484
354530.12,16.27400016784668,16.77302360534668
354630.12,16.27400016784668,17.539487838745117
354730.12,16.586999893188477,17.359661102294922
354830.12,16.586999893188477,17.78852081298828
354930.12,16.80500030517578,21.76
355030.12,16.80500030517578,9.13
355130.12,16.895000457763672,29.976831436157227
355230.12,16.895000457763672,12.445255279541016
355330.12,17.011001586914062,17.49477195739746
355430.12,17.011001586914062,17.511629104614258
355530.12,16.636001586914062,17.272838592529297
355630.12,16.636001586914062,17.120695114135742
355730.12,16.433000564575195,17.064376831054688
355830.12,16.433000564575195,16.604833602905273
355930.12,16.498001098632812,25.74502944946289
356030.12,16.498001098632812,10.928333282470703
356130.12,16.73400115966797,18.89188575744629
356230.12,16.73400115966797,17.50333595275879
356330.12,16.85700035095215,17.817785263061523
356430.12,16.85700035095215,16.800418853759766
356530.12,17.135000228881836,16.99
356630.12,17.135000228881836,17.023332595825195
356730.12,17.575000762939453,17.015974044799805
356830.12,17.575000762939453,17.139984130859375
356930.12,17.621000289916992,17.091482162475586
357030.12,17.621000289916992,17.13762855529785
357130.12,17.75400161743164,17.387670516967773
357230.12,17.75400161743164,17.335981369018555
357330.12,17.83100128173828,17.35
357430.12,17.83100128173828,17.18453598022461
357530.12,17.843000411987305,17.49
357630.12,17.843000411987305,16.95128631591797
357730.12,17.895999908447266,16.85403060913086
357830.12,17.895999908447266,17.173240661621094
357930.12,18.04400062561035,17.188961029052734
358030.12,18.04400062561035,17.21148681640625
358130.12,18.211000442504883,17.358318328857422
358230.12,18.211000442504883,17.15485382080078
358330.12,18.476001739501953,16.82248306274414
358430.12,18.476001739501953,16.968292236328125
358530.12,18.69900131225586,17.052921295166016
358630.12,18.69900131225586,17.325042724609375
358730.12,18.940000534057617,16.80
358830.12,18.940000534057617,17.206411361694336
358930.12,19.201000213623047,17.143674850463867
359030.12,19.201000213623047,17.224956512451172
359130.12,19.440000534057617,17.304073333740234
359230.12,19.440000534057617,17.547637939453125
359330.12,19.679000854492188,17.73384666442871
359430.12,19.679000854492188,17.796144485473633
359530.12,19.98200035095215,17.755590438842773
359630.12,19.98200035095215,18.17
359730.12,20.310001373291016,18.06
359830.12,20.310001373291016,18.14246368408203
359930.12,20.624000549316406,17.81425666809082
360030.12,20.624000549316406,17.759309768676758
360130.12,20.937000274658203,17.76376724243164
360230.12,20.937000274658203,17.77149200439453
360330.12,21.03700065612793,18.664527893066406
360430.12,21.03700065612793,20.622047424316406
360530.12,21.08100128173828,26.79
360630.12,21.08100128173828,28.594585418701172
360730.12,21.154001235961914,16.800426483154297
360830.12,21.154001235961914,23.516494750976562
360930.12,21.106000900268555,29.96010971069336
361030.12,21.106000900268555,32.59514236450195
361130.12,21.110000610351562,31.965442657470703
361230.12,21.110000610351562,26.506933212280273
361330.12,21.137001037597656,16.529626846313477
361430.12,21.137001037597656,29.710105895996094
361530.12,21.13300132751465,21.713298797607422
361630.12,21.13300132751465,18.660734176635742
361730.12,21.277000427246094,18.204608917236328
361830.12,21.277000427246094,18.26687240600586
361930.12,21.44500160217285,18.25250816345215
362030.12,21.44500160217285,18.19795036315918
362130.12,21.566001892089844,18.083038330078125
362230.12,21.566001892089844,18.276384353637695
362330.12,21.636001586914062,18.546512603759766
362430.12,21.636001586914062,18.341554641723633
362530.12,21.84400177001953,18.804018020629883
362630.12,21.84400177001953,23.11092185974121
362730.12,22.014001846313477,22.609359741210938
362830.12,22.014001846313477,34.77177429199219
362930.12,22.014001846313477,5.660741329193115
363030.12,22.014001846313477,18.15306282043457
363130.12,21.69500160217285,17.599075317382812
363230.12,21.69500160217285,17.602346420288086
363330.12,21.509000778198242,17.80223274230957
363430.12,21.509000778198242,17.16825294494629
363530.12,21.41,25.873567581176758
363630.12,21.41,9.477413177490234
363730.12,21.444000244140625,21.53641700744629
363830.12,21.444000244140625,18.05306053161621
363930.12,21.43800163269043,17.81
364030.12,21.43800163269043,18.12
364130.12,21.44500160217285,17.930225372314453
364230.12,21.44500160217285,18.649925231933594
364330.12,21.801000595092773,23.092802047729492
364430.12,21.801000595092773,26.634422302246094
364530.12,21.894001007080078,33.99888610839844
364630.12,21.894001007080078,9.489728927612305
364730.12,21.84600067138672,17.153562545776367
364830.12,21.84600067138672,17.22597885131836
364930.12,21.874000549316406,16.92422866821289
365030.12,21.874000549316406,16.954805374145508
365130.12,21.82200050354004,16.78844451904297
365230.12,21.82200050354004,13.767560005187988
365330.12,21.797000885009766,28.28647804260254
365430.12,21.797000885009766,25.22140884399414
365530.12,21.714000701904297,17.35179901123047
365630.12,21.714000701904297,16.847488403320312
365730.12,21.564001083374023,17.536420822143555
365830.12,21.564001083374023,18.009185791015625
365930.12,21.804000854492188,17.910327911376953
366030.12,21.804000854492188,17.83160972595215
366130.12,22.141000747680664,18.012537002563477
366230.12,22.141000747680664,18.851879119873047
366330.12,22.507001876831055,25.79351806640625
366430.12,22.507001876831055,16.512744903564453
366530.12,22.60900115966797,19.961774826049805
366630.12,22.60900115966797,18.172286987304688
366730.12,22.808000564575195,17.782482147216797
366830.12,22.808000564575195,17.38947296142578
366930.12,22.67500114440918,17.57674789428711
367030.12,22.67500114440918,16.914020538330078
367130.12,22.46900177001953,17.06968879699707
367230.12,22.46900177001953,16.866600036621094
367330.12,22.41400146484375,16.686697006225586
367430.12,22.41400146484375,16.401586532592773
367530.12,22.32200050354004,16.164417266845703
367630.12,22.32200050354004,16.43830680847168
367730.12,22.078001022338867,16.11077117919922
367830.12,22.078001022338867,16.951099395751953
367930.12,22.168001174926758,16.26
368030.12,22.168001174926758,16.40443229675293
368130.12,22.179000854492188,16.158884048461914
368230.12,22.179000854492188,15.898438453674316
368330.12,22.27,16.470558166503906
368430.12,22.27,16.328750610351562
368530.12,22.477001190185547,16.515823364257812
368630.12,22.477001190185547,16.929643630981445
368730.12,22.534000396728516,16.79
368830.12,22.534000396728516,17.176231384277344
368930.12,22.522001266479492,16.86377716064453
369030.12,22.522001266479492,16.802061080932617
369130.12,22.725000381469727,17.01873016357422
369230.12,22.725000381469727,17.147085189819336
369330.12,22.556001663208008,17.199710845947266
369430.12,22.556001663208008,17.393491744995117
369530.12,22.222000122070312,17.249223709106445
369630.12,22.222000122070312,17.435375213623047
369730.12,21.83700180053711,17.608091354370117
369830.12,21.83700180053711,17.36
369930.12,21.189001083374023,17.160667419433594
370030.12,21.189001083374023,17.009262084960938
370130.12,20.134000778198242,16.69975471496582
370230.12,20.134000778198242,16.720300674438477
370330.12,19.378000259399414,16.370784759521484
370430.12,19.378000259399414,16.258140563964844
370530.12,18.485000610351562,15.878520011901855
370630.12,18.485000610351562,15.174860954284668
370730.12,17.97800064086914,15.020355224609375
370830.12,17.97800064086914,15.11047649383545
370930.12,17.759000778198242,14.465664863586426
371030.12,17.759000778198242,14.685243606567383
371130.12,17.740001678466797,14.454702377319336
371230.12,17.740001678466797,14.82735824584961
371330.12,17.785001754760742,15.145190238952637
371430.12,17.785001754760742,14.641021728515625
371530.12,17.810001373291016,14.902761459350586
371630.12,17.810001373291016,14.958392143249512
371730.12,17.913000106811523,14.979148864746094
371830.12,17.913000106811523,15.217867851257324
371930.12,18.09400177001953,14.791074752807617
372030.12,18.09400177001953,15.346077919006348
372130.12,18.124000549316406,15.376016616821289
372230.12,18.124000549316406,15.581868171691895
372330.12,18.012001037597656,15.785149574279785
372430.12,18.012001037597656,15.809935569763184
372530.12,17.63,15.835188865661621
372630.12,17.63,15.243898391723633
372730.12,17.16900062561035,15.127761840820312
372830.12,17.16900062561035,15.687334060668945
372930.12,16.49100112915039,15.286073684692383
373030.12,16.49100112915039,15.354584693908691
373130.12,15.955000877380371,15.298112869262695
373230.12,15.955000877380371,14.913124084472656
373330.12,15.245000839233398,15.380263328552246
373430.12,15.245000839233398,14.79749584197998
373530.12,14.717000961303711,14.455702781677246
373630.12,14.717000961303711,14.49977970123291
373730.12,14.655000686645508,14.355900764465332
373830.12,14.655000686645508,14.396224975585938
373930.12,14.605000495910645,14.377999305725098
374030.12,14.605000495910645,14.66505241394043
374130.12,14.630001068115234,14.28445053100586
374230.12,14.630001068115234,14.671114921569824
374330.12,14.681000709533691,14.394777297973633
374430.12,14.681000709533691,14.768336296081543
374530.12,14.724000930786133,14.891257286071777
374630.12,14.724000930786133,14.91838550567627
374730.12,14.806000709533691,15.302729606628418
374830.12,14.806000709533691,15.65121841430664
374930.12,15.243000984191895,15.453670501708984
375030.12,15.243000984191895,15.669963836669922
375130.12,15.620000839233398,15.939810752868652
375230.12,15.620000839233398,15.972190856933594
375330.12,16.056001663208008,16.466646194458008
375430.12,16.056001663208008,16.443729400634766
375530.12,16.374000549316406,16.247215270996094
375630.12,16.374000549316406,16.40846824645996
375730.12,16.584001541137695,16.36
375830.12,16.584001541137695,16.205101013183594
375930.12,16.520000457763672,16.27
376030.12,16.520000457763672,16.149009704589844
376130.12,16.56,15.85
376230.12,16.56,16.296289443969727
376330.12,16.733001708984375,16.436006546020508
376430.12,16.733001708984375,16.021465301513672
376530.12,16.957000732421875,16.36890983581543
376630.12,16.957000732421875,16.020566940307617
376730.12,17.23900032043457,16.330066680908203
376830.12,17.23900032043457,16.89286231994629
376930.12,17.405000686645508,16.578569412231445
377030.12,17.405000686645508,17.059711456298828
377130.12,17.716001510620117,16.820350646972656
377230.12,17.716001510620117,16.933576583862305
377330.12,18.121000289916992,17.53679656982422
377430.12,18.121000289916992,17.833213806152344
377530.12,18.493000030517578,18.59825897216797
377630.12,18.493000030517578,18.680496215820312
377730.12,18.84800148010254,18.65510368347168
377830.12,18.84800148010254,18.685253143310547
377930.12,19.17500114440918,18.608795166015625
378030.12,19.17500114440918,18.543983459472656
378130.12,19.190000534057617,18.84425163269043
378230.12,19.190000534057617,18.831830978393555
378330.12,19.13300132751465,18.472095489501953
378430.12,19.13300132751465,18.42630958557129
378530.12,19.060001373291016,18.506919860839844
378630.12,19.060001373291016,18.915491104125977
378730.12,18.817001342773438,18.780975341796875
378830.12,18.817001342773438,18.702987670898438
378930.12,18.631000518798828,18.527938842773438
379030.12,18.631000518798828,18.31332015991211
379130.12,18.678001403808594,17.97010040283203
379230.12,18.678001403808594,18.043975830078125
379330.12,18.775001525878906,18.22142219543457
379430.12,18.775001525878906,18.436182022094727
379530.12,18.97100067138672,18.25759506225586
379630.12,18.97100067138672,18.245529174804688
379730.12,19.071001052856445,18.601520538330078
379830.12,19.071001052856445,18.747907638549805
379930.12,19.194000244140625,18.62320327758789
380030.12,19.194000244140625,18.832836151123047
380130.12,19.187000274658203,18.577232360839844
380230.12,19.187000274658203,18.252639770507812
380330.12,19.233001708984375,18.75279426574707
380430.12,19.233001708984375,18.55729866027832
380530.12,19.17300033569336,18.564537048339844
380630.12,19.17300033569336,18.80418586730957
380730.12,18.999000549316406,18.606006622314453
380830.12,18.999000549316406,18.762537002563477
380930.12,18.886001586914062,18.32818031311035
381030.12,18.886001586914062,17.747055053710938
381130.12,18.828001022338867,16.88800048828125
381230.12,18.828001022338867,17.194286346435547
381330.12,17.779001235961914,18.04849624633789
381430.12,17.779001235961914,17.993419647216797
381530.12,18.204999923706055,18.323001861572266
381630.12,18.204999923706055,18.71338653564453
381730.12,19.43400001525879,19.32387351989746
381830.12,19.43400001525879,19.06016731262207
381930.12,20.904001235961914,18.803510665893555
382030.12,20.904001235961914,18.835323333740234
382130.12,20.862001419067383,18.11598014831543
382230.12,20.862001419067383,16.771215438842773
382330.12,17.152999877929688,13.01
382430.12,17.152999877929688,9.073737144470215
382530.12,13.19800090789795,6.076965808868408
382630.12,13.19800090789795,4.443604469299316
382730.12,10.616000175476074,7.963911533355713
382830.12,10.616000175476074,10.496744155883789
382930.12,9.429000854492188,12.149272918701172
383030.12,9.429000854492188,12.727263450622559
383130.12,8.643000602722168,12.597014427185059
383230.12,8.643000602722168,11.530683517456055
383330.12,8.19,12.071051597595215
383430.12,8.19,12.350234031677246
383530.12,7.682000160217285,12.162013053894043
383630.12,7.682000160217285,20.54877471923828
383730.12,7.154000282287598,20.168365478515625
383830.12,7.154000282287598,9.502751350402832
383930.12,6.742000102996826,9.696257591247559
384030.12,6.742000102996826,10.167017936706543
384130.12,6.427000522613525,10.291410446166992
384230.12,6.427000522613525,9.611583709716797
384330.12,6.119000434875488,6.909318923950195
384430.12,6.119000434875488,32.561832427978516
384530.12,5.554000377655029,36.01
384630.12,5.554000377655029,25.092424392700195
384730.12,4.951000213623047,3.3645598888397217
384830.12,4.951000213623047,8.102788925170898
384930.12,4.433000087738037,8.234498023986816
385030.12,4.433000087738037,7.175637245178223
385130.12,3.9040002822875977,8.065042495727539
385230.12,3.9040002822875977,6.313500881195068
385330.12,3.5950002670288086,7.850460052490234
385430.12,3.5950002670288086,7.257460117340088
385530.12,3.255000114440918,6.675761699676514
385630.12,3.255000114440918,7.649723052978516
385730.12,3.1430001258850098,2.869354009628296
385830.12,3.1430001258850098,1.309220314025879
385930.12,3.0270001888275146,4.5516228675842285
386030.12,3.0270001888275146,4.925410270690918
386130.12,2.2690000534057617,6.329799175262451
386230.12,2.2690000534057617,7.198385238647461
386330.12,1.3290001153945923,4.47
386430.12,1.3290001153945923,6.0710554122924805
386530.12,1.0890001058578491,5.672433376312256
386630.12,1.0890001058578491,6.155251502990723
386730.12,2.820000171661377,2.4348771572113037
386830.12,2.820000171661377,5.410221099853516
386930.12,3.889000177383423,5.42
387030.12,3.889000177383423,8.747225761413574
387130.12,3.8530001640319824,11.631361961364746
387230.12,3.8530001640319824,22.01418685913086
387330.12,3.4800002574920654,9.453665733337402
387430.12,3.4800002574920654,4.454689025878906
387530.12,2.943000078201294,6.19
387630.12,2.943000078201294,8.684287071228027
387730.12,2.745000123977661,7.6937761306762695
387830.12,2.745000123977661,2.8582561016082764
387930.12,3.189000129699707,3.9002621173858643
388030.12,3.189000129699707,3.1426775455474854
388130.12,3.557000160217285,2.690526008605957
388230.12,3.557000160217285,2.2325620651245117
388330.12,3.7850000858306885,4.094197750091553
388430.12,3.7850000858306885,1.3262639045715332
388530.12,3.5500001907348633,2.08
388630.12,3.5500001907348633,3.466339588165283
388730.12,3.9280002117156982,2.5728654861450195
388830.12,3.9280002117156982,2.0665225982666016
388930.12,3.767000198364258,2.2491962909698486
389030.12,3.767000198364258,2.840203046798706
389130.12,5.025000095367432,1.624484658241272
389230.12,5.025000095367432,1.339976191520691
389330.12,5.777000427246094,1.8437386751174927
389430.12,5.777000427246094,3.5406482219696045
389530.12,7.164000511169434,4.8495097160339355
389630.12,7.164000511169434,3.805795192718506
389730.12,8.369000434875488,2.9192521572113037
389830.12,8.369000434875488,1.5058302879333496
389930.12,8.814000129699707,19.003286361694336
390030.12,8.814000129699707,9.349513053894043
390130.12,8.583000183105469,5.64
390230.12,8.583000183105469,4.767375469207764
390330.12,7.208000183105469,9.384109497070312
390430.12,7.208000183105469,22.522809982299805
390530.12,6.39,17.977888107299805
390630.12,6.39,2.308858871459961
390730.12,5.615000247955322,5.378082752227783
390830.12,5.615000247955322,5.854968547821045
390930.12,6.6050004959106445,5.046807765960693
391030.12,6.6050004959106445,4.055536270141602
391130.12,7.249000549316406,3.9384608268737793
391230.12,7.249000549316406,8.770408630371094
391330.12,8.04,10.996054649353027
391430.12,8.04,12.682321548461914
391530.12,7.87,2.86
391630.12,7.87,6.444863796234131
391730.12,7.932000160217285,7.076119422912598
391830.12,7.932000160217285,7.125650882720947
391930.12,7.744000434875488,4.558051586151123
392030.12,7.744000434875488,6.623175144195557
392130.12,7.591000556945801,9.39
392230.12,7.591000556945801,8.321247100830078
392330.12,7.919000148773193,6.488121509552002
392430.12,7.919000148773193,4.578135967254639
392530.12,7.928000450134277,7.012258529663086
392630.12,7.928000450134277,9.515768051147461
392730.12,8.09,5.900008678436279
392830.12,8.09,7.084381103515625
392930.12,7.712000370025635,7.1780524253845215
393030.12,7.712000370025635,7.585345268249512
393130.12,6.464000225067139,4.436532020568848
393230.12,6.464000225067139,2.348176956176758
393330.12,5.345000267028809,4.045814037322998
393430.12,5.345000267028809,11.093263626098633
393530.12,4.622000217437744,13.653225898742676
393630.12,4.622000217437744,13.438947677612305
393730.12,3.874000072479248,6.495072841644287
393830.12,3.874000072479248,3.573742151260376
393930.12,3.4630000591278076,5.424178123474121
394030.12,3.4630000591278076,4.4817118644714355
394130.12,4.002000331878662,4.304697036743164
394230.12,4.002000331878662,4.707443714141846
394330.12,3.3470001220703125,3.5147361755371094
394430.12,3.3470001220703125,6.849074363708496
394530.12,2.948000192642212,5.540914535522461
394630.12,2.948000192642212,13.766036033630371
394730.12,4.110000133514404,18.213041305541992
394830.12,4.110000133514404,26.228796005249023
394930.12,4.7210001945495605,18.993165969848633
395030.12,4.7210001945495605,6.2238569259643555
395130.12,2.3560001850128174,14.771458625793457
395230.12,2.3560001850128174,16.721105575561523
395330.12,2.9120001792907715,15.082976341247559
395430.12,2.9120001792907715,10.138158798217773
395530.12,4.348999977111816,26.400991439819336
395630.12,4.348999977111816,28.599958419799805
395730.12,3.454000234603882,21.808589935302734
395830.12,3.454000234603882,21.19017219543457
395930.12,3.9770002365112305,23.026779174804688
396030.12,3.9770002365112305,4.861095428466797
396130.12,4.760000228881836,9.406983375549316
396230.12,4.760000228881836,2.2814857959747314
396330.12,2.4180002212524414,2.103986978530884
396430.12,2.4180002212524414,1.8807833194732666
396530.12,2.370000123977661,2.5836336612701416
396630.12,2.370000123977661,1.1629642248153687
396730.12,0.7120000123977661,0.5583171248435974
396830.12,0.7120000123977661,1.780100703239441
396930.12,0.7130000591278076,1.9592112302780151
397030.12,0.7130000591278076,1.757002830505371
397130.12,0.64,0.9851013422012329
397230.12,0.64,1.606072187423706
397330.12,0.8040000200271606,3.302759885787964
397430.12,0.8040000200271606,1.449610948562622
397530.12,0.34300002455711365,1.1048370599746704
397630.12,0.34300002455711365,1.2620785236358643
397730.12,0.24800001084804535,1.2836103439331055
397830.12,0.24800001084804535,3.021364450454712
397930.12,0.19700001180171967,1.2553261518478394
398030.12,0.19700001180171967,1.511755347251892
398130.12,0.25300002098083496,2.710197925567627
398230.12,0.25300002098083496,1.8287644386291504
398330.12,0.10,2.6768617630004883
398430.12,0.10,2.64
398530.12,0.16100001335144043,1.3871835470199585
398630.12,0.16100001335144043,0.7989093065261841
398730.12,0.18800000846385956,0.9970698356628418
398830.12,0.18800000846385956,1.5049902200698853
398930.12,0.1730000078678131,2.0224833488464355
399030.12,0.1730000078678131,0.5991670489311218
399130.12,0.1210000067949295,0.83
399230.12,0.1210000067949295,0.40284594893455505
399330.12,0.09,2.558284282684326
399430.12,0.09,0.3801024258136749
399530.12,0.14600001275539398,0.8549959659576416
399630.12,0.14600001275539398,1.2926766872406006
399730.12,0.06,1.5415922403335571
399830.12,0.06,2.855822801589966
399930.12,0.36500000953674316,0.9968785047531128
400030.12,0.36500000953674316,1.6099698543548584
400130.12,0.10,1.7676082849502563
400230.12,0.10,2.112847089767456
400330.12,0.08,1.7214046716690063
400430.12,0.08,2.128816604614258
400530.12,0.06,0.5783393979072571
400630.12,0.06,1.240323543548584
400730.12,0.06,0.7857972979545593
400830.12,0.06,2.0513195991516113
400930.12,0.09,1.7780582904815674
401030.12,0.09,0.82
401130.12,0.07,0.7197020649909973
401230.12,0.07,0.49
401330.12,0.14800000190734863,3.0961694717407227
401430.12,0.14800000190734863,0.6908018589019775
401530.12,0.05,0.4336685240268707
401630.12,0.05,1.5480656623840332
401730.12,0.23000000417232513,1.7759062051773071
401830.12,0.23000000417232513,2.0563716888427734
401930.12,0.1420000046491623,0.22364774346351624
402030.12,0.1420000046491623,1.0648472309112549
402130.12,0.04,2.1470556259155273
402230.12,0.04,2.592604875564575
402330.12,0.026000000536441803,2.1939289569854736
402430.12,0.026000000536441803,1.3353177309036255
402530.12,0.10,1.6767075061798096
402630.12,0.10,0.8295540809631348
402730.12,0.17600001394748688,0.8011003732681274
402830.12,0.17600001394748688,2.3277695178985596
402930.12,0.16,0.7129013538360596
403030.12,0.16,1.0249180793762207
403130.12,0.14300000667572021,0.5718821883201599
403230.12,0.14300000667572021,1.172203779220581
403330.12,0.12200000882148743,3.0567216873168945
403430.12,0.12200000882148743,0.33624395728111267
403530.12,0.08,0.63
403630.12,0.08,1.0063996315002441
403730.12,0.017000000923871994,1.6905940771102905
403830.12,0.017000000923871994,2.0614593029022217
403930.12,0.09,0.9668067097663879
404030.12,0.09,0.6485022306442261
404130.12,0.08,1.7048622369766235
404230.12,0.08,1.8846179246902466
404330.12,0.08,0.8680053353309631
404430.12,0.08,2.4751288890838623
404530.12,0.052000001072883606,1.1219780445098877
404630.12,0.052000001072883606,1.1466341018676758
404730.12,0.08,0.5166597366333008
404830.12,0.08,2.712021589279175
404930.12,0.09,1.2342791557312012
405030.12,0.09,1.6945202350616455
405130.12,0.07,1.0329982042312622
405230.12,0.07,0.5614478588104248
405330.12,0.1420000046491623,2.766904830932617
405430.12,0.1420000046491623,1.0789650678634644
405530.12,0.14400000870227814,1.205299735069275
405630.12,0.14400000870227814,0.7508794069290161
405730.12,0.16,1.148726463317871
405830.12,0.16,0.3967200219631195
405930.12,0.16100001335144043,1.7687733173370361
406030.12,0.16100001335144043,1.0776631832122803
406130.12,0.06,1.1570992469787598
406230.12,0.06,1.2862303256988525
406330.12,0.04,1.8169647455215454
406430.12,0.04,1.3616629838943481
406530.12,0.19600000977516174,1.5234111547470093
406630.12,0.19600000977516174,1.3256281614303589
406730.12,0.11100000888109207,1.2500884532928467
406830.12,0.11100000888109207,2.641057014465332
406930.12,0.10200000554323196,0.9473280310630798
407030.12,0.10200000554323196,2.0486364364624023
407130.12,0.03,0.7924273610115051
407230.12,0.03,0.7071148753166199
407330.12,0.09,2.41
407430.12,0.09,1.1395024061203003
407530.12,0.17600001394748688,1.1836856603622437
407630.12,0.17600001394748688,0.43391475081443787
407730.12,0.08,2.1391971111297607
407830.12,0.08,1.5532636642456055
407930.12,0.14400000870227814,1.1283756494522095
408030.12,0.14400000870227814,1.1749876737594604
408130.12,0.13900001347064972,0.5104984641075134
408230.12,0.13900001347064972,1.0726159811019897
408330.12,0.05,1.140648365020752
408430.12,0.05,1.624590277671814
408530.12,0.07,1.62
408630.12,0.07,1.1718522310256958
408730.12,0.11600000411272049,1.3930190801620483
408830.12,0.11600000411272049,2.758044958114624
408930.12,0.18700000643730164,2.242781162261963
409030.12,0.18700000643730164,1.716233491897583
409130.12,0.08,0.7461295127868652
409230.12,0.08,0.4078899323940277
409330.12,0.33800002932548523,2.529952049255371
409430.12,0.33800002932548523,1.1491564512252808
409530.12,0.07,0.5985364317893982
409630.12,0.07,0.17794887721538544
409730.12,0.11400000751018524,1.9802935123443604
409830.12,0.11400000751018524,1.4047341346740723
409930.12,0.09,0.5616142749786377
410030.12,0.09,1.0813930034637451
410130.12,0.13600000739097595,0.9327189326286316
410230.12,0.13600000739097595,1.9322941303253174
410330.12,0.15600000321865082,2.1191136837005615
410430.12,0.15600000321865082,1.0268126726150513
410530.12,0.20900000631809235,1.5690099000930786
410630.12,0.20900000631809235,0.6247252821922302
410730.12,0.1860000044107437,1.86
410830.12,0.1860000044107437,2.0982298851013184
410930.12,0.058000002056360245,1.53
411030.12,0.058000002056360245,0.9589107632637024
411130.12,0.15700000524520874,0.6185272932052612
411230.12,0.15700000524520874,0.32978329062461853
411330.12,0.07,0.7755062580108643
411430.12,0.07,1.1016144752502441
411530.12,0.12300000339746475,0.5037018060684204
411630.12,0.12300000339746475,0.5683828592300415
411730.12,0.15000000596046448,1.5989975929260254
411830.12,0.15000000596046448,1.4801273345947266
411930.12,0.17900000512599945,1.6516510248184204
412030.12,0.17900000512599945,0.9134801626205444
412130.12,0.11100000888109207,0.7093770503997803
412230.12,0.11100000888109207,1.9669723510742188
412330.12,0.09,0.5958311557769775
412430.12,0.09,1.1827490329742432
412530.12,0.08,1.298751711845398
412630.12,0.08,1.6529358625411987
412730.12,0.04,1.4448267221450806
412830.12,0.04,2.214711904525757
412930.12,0.07,2.1923887729644775
413030.12,0.07,1.2934024333953857
413130.12,0.049000002443790436,1.0701735019683838
413230.12,0.049000002443790436,0.6273667216300964
413330.12,0.16200000047683716,1.1841914653778076
413430.12,0.16200000047683716,1.7968271970748901
413530.12,0.07,0.14697833359241486
413630.12,0.07,1.5132396221160889
413730.12,0.04,0.5905191898345947
413830.12,0.04,0.9529488682746887
413930.12,0.03,0.19564424455165863
414030.12,0.03,1.2149724960327148
414130.12,0.22300000488758087,1.9843499660491943
414230.12,0.22300000488758087,1.8846654891967773
414330.12,0.08,1.855412244796753
414430.12,0.08,1.2897104024887085
414530.12,0.05,0.6284208297729492
414630.12,0.05,1.5071027278900146
414730.12,0.1469999998807907,0.45281341671943665
414830.12,0.1469999998807907,1.4285557270050049